,GANomaly,DeepSAD,REPEN,DevNet,PReNet,FEAWAD,XGBOD
"('MVTec-AD_hazelnut', 0.0, 1)",4.091612339019775,,,,,,
"('MVTec-AD_hazelnut', 0.0, 2)",,,,,,,
"('MVTec-AD_hazelnut', 0.0, 3)",,,,,,,
"('MVTec-AD_hazelnut', 0.01, 1)",,,,,,,
"('MVTec-AD_hazelnut', 0.01, 2)",,,,,,,
"('MVTec-AD_hazelnut', 0.01, 3)",,,,,,,
"('MVTec-AD_hazelnut', 0.05, 1)",,,,,,,
"('MVTec-AD_hazelnut', 0.05, 2)",,,,,,,
"('MVTec-AD_hazelnut', 0.05, 3)",,,,,,,
"('MVTec-AD_hazelnut', 0.1, 1)",,,,,,,
"('MVTec-AD_hazelnut', 0.1, 2)",,,,,,,
"('MVTec-AD_hazelnut', 0.1, 3)",,,,,,,
"('MVTec-AD_hazelnut', 0.25, 1)",,,,,,,
"('MVTec-AD_hazelnut', 0.25, 2)",,,,,,,
"('MVTec-AD_hazelnut', 0.25, 3)",,,,,,,
"('MVTec-AD_hazelnut', 0.5, 1)",,,,,,,
"('MVTec-AD_hazelnut', 0.5, 2)",,,,,,,
"('MVTec-AD_hazelnut', 0.5, 3)",,,,,,,
"('MVTec-AD_hazelnut', 0.75, 1)",,,,,,,
"('MVTec-AD_hazelnut', 0.75, 2)",,,,,,,
"('MVTec-AD_hazelnut', 0.75, 3)",,,,,,,
"('MVTec-AD_hazelnut', 1.0, 1)",,,,,,,
"('MVTec-AD_hazelnut', 1.0, 2)",,,,,,,
"('MVTec-AD_hazelnut', 1.0, 3)",,,,,,,
"('45_wine', 0.0, 1)",,,,,,,
"('45_wine', 0.0, 2)",,,,,,,
"('45_wine', 0.0, 3)",,,,,,,
"('45_wine', 0.01, 1)",,,,,,,
"('45_wine', 0.01, 2)",,,,,,,
"('45_wine', 0.01, 3)",,,,,,,
"('45_wine', 0.05, 1)",,,,,,,
"('45_wine', 0.05, 2)",,,,,,,
"('45_wine', 0.05, 3)",,,,,,,
"('45_wine', 0.1, 1)",,,,,,,
"('45_wine', 0.1, 2)",,,,,,,
"('45_wine', 0.1, 3)",,,,,,,
"('45_wine', 0.25, 1)",,,,,,,
"('45_wine', 0.25, 2)",,,,,,,
"('45_wine', 0.25, 3)",,,,,,,
"('45_wine', 0.5, 1)",,,,,,,
"('45_wine', 0.5, 2)",,,,,,,
"('45_wine', 0.5, 3)",,,,,,,
"('45_wine', 0.75, 1)",,,,,,,
"('45_wine', 0.75, 2)",,,,,,,
"('45_wine', 0.75, 3)",,,,,,,
"('45_wine', 1.0, 1)",,,,,,,
"('45_wine', 1.0, 2)",,,,,,,
"('45_wine', 1.0, 3)",,,,,,,
"('39_vertebral', 0.0, 1)",,,,,,,
"('39_vertebral', 0.0, 2)",,,,,,,
"('39_vertebral', 0.0, 3)",,,,,,,
"('39_vertebral', 0.01, 1)",,,,,,,
"('39_vertebral', 0.01, 2)",,,,,,,
"('39_vertebral', 0.01, 3)",,,,,,,
"('39_vertebral', 0.05, 1)",,,,,,,
"('39_vertebral', 0.05, 2)",,,,,,,
"('39_vertebral', 0.05, 3)",,,,,,,
"('39_vertebral', 0.1, 1)",,,,,,,
"('39_vertebral', 0.1, 2)",,,,,,,
"('39_vertebral', 0.1, 3)",,,,,,,
"('39_vertebral', 0.25, 1)",,,,,,,
"('39_vertebral', 0.25, 2)",,,,,,,
"('39_vertebral', 0.25, 3)",,,,,,,
"('39_vertebral', 0.5, 1)",,,,,,,
"('39_vertebral', 0.5, 2)",,,,,,,
"('39_vertebral', 0.5, 3)",,,,,,,
"('39_vertebral', 0.75, 1)",,,,,,,
"('39_vertebral', 0.75, 2)",,,,,,,
"('39_vertebral', 0.75, 3)",,,,,,,
"('39_vertebral', 1.0, 1)",,,,,,,
"('39_vertebral', 1.0, 2)",,,,,,,
"('39_vertebral', 1.0, 3)",,,,,,,
"('46_WPBC', 0.0, 1)",,,,,,,
"('46_WPBC', 0.0, 2)",,,,,,,
"('46_WPBC', 0.0, 3)",,,,,,,
"('46_WPBC', 0.01, 1)",,,,,,,
"('46_WPBC', 0.01, 2)",,,,,,,
"('46_WPBC', 0.01, 3)",,,,,,,
"('46_WPBC', 0.05, 1)",,,,,,,
"('46_WPBC', 0.05, 2)",,,,,,,
"('46_WPBC', 0.05, 3)",,,,,,,
"('46_WPBC', 0.1, 1)",,,,,,,
"('46_WPBC', 0.1, 2)",,,,,,,
"('46_WPBC', 0.1, 3)",,,,,,,
"('46_WPBC', 0.25, 1)",,,,,,,
"('46_WPBC', 0.25, 2)",,,,,,,
"('46_WPBC', 0.25, 3)",,,,,,,
"('46_WPBC', 0.5, 1)",,,,,,,
"('46_WPBC', 0.5, 2)",,,,,,,
"('46_WPBC', 0.5, 3)",,,,,,,
"('46_WPBC', 0.75, 1)",,,,,,,
"('46_WPBC', 0.75, 2)",,,,,,,
"('46_WPBC', 0.75, 3)",,,,,,,
"('46_WPBC', 1.0, 1)",,,,,,,
"('46_WPBC', 1.0, 2)",,,,,,,
"('46_WPBC', 1.0, 3)",,,,,,,
"('37_Stamps', 0.0, 1)",,,,,,,
"('37_Stamps', 0.0, 2)",,,,,,,
"('37_Stamps', 0.0, 3)",,,,,,,
"('37_Stamps', 0.01, 1)",,,,,,,
"('37_Stamps', 0.01, 2)",,,,,,,
"('37_Stamps', 0.01, 3)",,,,,,,
"('37_Stamps', 0.05, 1)",,,,,,,
"('37_Stamps', 0.05, 2)",,,,,,,
"('37_Stamps', 0.05, 3)",,,,,,,
"('37_Stamps', 0.1, 1)",,,,,,,
"('37_Stamps', 0.1, 2)",,,,,,,
"('37_Stamps', 0.1, 3)",,,,,,,
"('37_Stamps', 0.25, 1)",,,,,,,
"('37_Stamps', 0.25, 2)",,,,,,,
"('37_Stamps', 0.25, 3)",,,,,,,
"('37_Stamps', 0.5, 1)",,,,,,,
"('37_Stamps', 0.5, 2)",,,,,,,
"('37_Stamps', 0.5, 3)",,,,,,,
"('37_Stamps', 0.75, 1)",,,,,,,
"('37_Stamps', 0.75, 2)",,,,,,,
"('37_Stamps', 0.75, 3)",,,,,,,
"('37_Stamps', 1.0, 1)",,,,,,,
"('37_Stamps', 1.0, 2)",,,,,,,
"('37_Stamps', 1.0, 3)",,,,,,,
"('4_breastw', 0.0, 1)",,,,,,,
"('4_breastw', 0.0, 2)",,,,,,,
"('4_breastw', 0.0, 3)",,,,,,,
"('4_breastw', 0.01, 1)",,,,,,,
"('4_breastw', 0.01, 2)",,,,,,,
"('4_breastw', 0.01, 3)",,,,,,,
"('4_breastw', 0.05, 1)",,,,,,,
"('4_breastw', 0.05, 2)",,,,,,,
"('4_breastw', 0.05, 3)",,,,,,,
"('4_breastw', 0.1, 1)",,,,,,,
"('4_breastw', 0.1, 2)",,,,,,,
"('4_breastw', 0.1, 3)",,,,,,,
"('4_breastw', 0.25, 1)",,,,,,,
"('4_breastw', 0.25, 2)",,,,,,,
"('4_breastw', 0.25, 3)",,,,,,,
"('4_breastw', 0.5, 1)",,,,,,,
"('4_breastw', 0.5, 2)",,,,,,,
"('4_breastw', 0.5, 3)",,,,,,,
"('4_breastw', 0.75, 1)",,,,,,,
"('4_breastw', 0.75, 2)",,,,,,,
"('4_breastw', 0.75, 3)",,,,,,,
"('4_breastw', 1.0, 1)",,,,,,,
"('4_breastw', 1.0, 2)",,,,,,,
"('4_breastw', 1.0, 3)",,,,,,,
"('20news_3', 0.0, 1)",,,,,,,
"('20news_3', 0.0, 2)",,,,,,,
"('20news_3', 0.0, 3)",,,,,,,
"('20news_3', 0.01, 1)",,,,,,,
"('20news_3', 0.01, 2)",,,,,,,
"('20news_3', 0.01, 3)",,,,,,,
"('20news_3', 0.05, 1)",,,,,,,
"('20news_3', 0.05, 2)",,,,,,,
"('20news_3', 0.05, 3)",,,,,,,
"('20news_3', 0.1, 1)",,,,,,,
"('20news_3', 0.1, 2)",,,,,,,
"('20news_3', 0.1, 3)",,,,,,,
"('20news_3', 0.25, 1)",,,,,,,
"('20news_3', 0.25, 2)",,,,,,,
"('20news_3', 0.25, 3)",,,,,,,
"('20news_3', 0.5, 1)",,,,,,,
"('20news_3', 0.5, 2)",,,,,,,
"('20news_3', 0.5, 3)",,,,,,,
"('20news_3', 0.75, 1)",,,,,,,
"('20news_3', 0.75, 2)",,,,,,,
"('20news_3', 0.75, 3)",,,,,,,
"('20news_3', 1.0, 1)",,,,,,,
"('20news_3', 1.0, 2)",,,,,,,
"('20news_3', 1.0, 3)",,,,,,,
"('MVTec-AD_grid', 0.0, 1)",,,,,,,
"('MVTec-AD_grid', 0.0, 2)",,,,,,,
"('MVTec-AD_grid', 0.0, 3)",,,,,,,
"('MVTec-AD_grid', 0.01, 1)",,,,,,,
"('MVTec-AD_grid', 0.01, 2)",,,,,,,
"('MVTec-AD_grid', 0.01, 3)",,,,,,,
"('MVTec-AD_grid', 0.05, 1)",,,,,,,
"('MVTec-AD_grid', 0.05, 2)",,,,,,,
"('MVTec-AD_grid', 0.05, 3)",,,,,,,
"('MVTec-AD_grid', 0.1, 1)",,,,,,,
"('MVTec-AD_grid', 0.1, 2)",,,,,,,
"('MVTec-AD_grid', 0.1, 3)",,,,,,,
"('MVTec-AD_grid', 0.25, 1)",,,,,,,
"('MVTec-AD_grid', 0.25, 2)",,,,,,,
"('MVTec-AD_grid', 0.25, 3)",,,,,,,
"('MVTec-AD_grid', 0.5, 1)",,,,,,,
"('MVTec-AD_grid', 0.5, 2)",,,,,,,
"('MVTec-AD_grid', 0.5, 3)",,,,,,,
"('MVTec-AD_grid', 0.75, 1)",,,,,,,
"('MVTec-AD_grid', 0.75, 2)",,,,,,,
"('MVTec-AD_grid', 0.75, 3)",,,,,,,
"('MVTec-AD_grid', 1.0, 1)",,,,,,,
"('MVTec-AD_grid', 1.0, 2)",,,,,,,
"('MVTec-AD_grid', 1.0, 3)",,,,,,,
"('MVTec-AD_zipper', 0.0, 1)",,,,,,,
"('MVTec-AD_zipper', 0.0, 2)",,,,,,,
"('MVTec-AD_zipper', 0.0, 3)",,,,,,,
"('MVTec-AD_zipper', 0.01, 1)",,,,,,,
"('MVTec-AD_zipper', 0.01, 2)",,,,,,,
"('MVTec-AD_zipper', 0.01, 3)",,,,,,,
"('MVTec-AD_zipper', 0.05, 1)",,,,,,,
"('MVTec-AD_zipper', 0.05, 2)",,,,,,,
"('MVTec-AD_zipper', 0.05, 3)",,,,,,,
"('MVTec-AD_zipper', 0.1, 1)",,,,,,,
"('MVTec-AD_zipper', 0.1, 2)",,,,,,,
"('MVTec-AD_zipper', 0.1, 3)",,,,,,,
"('MVTec-AD_zipper', 0.25, 1)",,,,,,,
"('MVTec-AD_zipper', 0.25, 2)",,,,,,,
"('MVTec-AD_zipper', 0.25, 3)",,,,,,,
"('MVTec-AD_zipper', 0.5, 1)",,,,,,,
"('MVTec-AD_zipper', 0.5, 2)",,,,,,,
"('MVTec-AD_zipper', 0.5, 3)",,,,,,,
"('MVTec-AD_zipper', 0.75, 1)",,,,,,,
"('MVTec-AD_zipper', 0.75, 2)",,,,,,,
"('MVTec-AD_zipper', 0.75, 3)",,,,,,,
"('MVTec-AD_zipper', 1.0, 1)",,,,,,,
"('MVTec-AD_zipper', 1.0, 2)",,,,,,,
"('MVTec-AD_zipper', 1.0, 3)",,,,,,,
"('MVTec-AD_wood', 0.0, 1)",,,,,,,
"('MVTec-AD_wood', 0.0, 2)",,,,,,,
"('MVTec-AD_wood', 0.0, 3)",,,,,,,
"('MVTec-AD_wood', 0.01, 1)",,,,,,,
"('MVTec-AD_wood', 0.01, 2)",,,,,,,
"('MVTec-AD_wood', 0.01, 3)",,,,,,,
"('MVTec-AD_wood', 0.05, 1)",,,,,,,
"('MVTec-AD_wood', 0.05, 2)",,,,,,,
"('MVTec-AD_wood', 0.05, 3)",,,,,,,
"('MVTec-AD_wood', 0.1, 1)",,,,,,,
"('MVTec-AD_wood', 0.1, 2)",,,,,,,
"('MVTec-AD_wood', 0.1, 3)",,,,,,,
"('MVTec-AD_wood', 0.25, 1)",,,,,,,
"('MVTec-AD_wood', 0.25, 2)",,,,,,,
"('MVTec-AD_wood', 0.25, 3)",,,,,,,
"('MVTec-AD_wood', 0.5, 1)",,,,,,,
"('MVTec-AD_wood', 0.5, 2)",,,,,,,
"('MVTec-AD_wood', 0.5, 3)",,,,,,,
"('MVTec-AD_wood', 0.75, 1)",,,,,,,
"('MVTec-AD_wood', 0.75, 2)",,,,,,,
"('MVTec-AD_wood', 0.75, 3)",,,,,,,
"('MVTec-AD_wood', 1.0, 1)",,,,,,,
"('MVTec-AD_wood', 1.0, 2)",,,,,,,
"('MVTec-AD_wood', 1.0, 3)",,,,,,,
"('29_Pima', 0.0, 1)",,,,,,,
"('29_Pima', 0.0, 2)",,,,,,,
"('29_Pima', 0.0, 3)",,,,,,,
"('29_Pima', 0.01, 1)",,,,,,,
"('29_Pima', 0.01, 2)",,,,,,,
"('29_Pima', 0.01, 3)",,,,,,,
"('29_Pima', 0.05, 1)",,,,,,,
"('29_Pima', 0.05, 2)",,,,,,,
"('29_Pima', 0.05, 3)",,,,,,,
"('29_Pima', 0.1, 1)",,,,,,,
"('29_Pima', 0.1, 2)",,,,,,,
"('29_Pima', 0.1, 3)",,,,,,,
"('29_Pima', 0.25, 1)",,,,,,,
"('29_Pima', 0.25, 2)",,,,,,,
"('29_Pima', 0.25, 3)",,,,,,,
"('29_Pima', 0.5, 1)",,,,,,,
"('29_Pima', 0.5, 2)",,,,,,,
"('29_Pima', 0.5, 3)",,,,,,,
"('29_Pima', 0.75, 1)",,,,,,,
"('29_Pima', 0.75, 2)",,,,,,,
"('29_Pima', 0.75, 3)",,,,,,,
"('29_Pima', 1.0, 1)",,,,,,,
"('29_Pima', 1.0, 2)",,,,,,,
"('29_Pima', 1.0, 3)",,,,,,,
"('MVTec-AD_transistor', 0.0, 1)",,,,,,,
"('MVTec-AD_transistor', 0.0, 2)",,,,,,,
"('MVTec-AD_transistor', 0.0, 3)",,,,,,,
"('MVTec-AD_transistor', 0.01, 1)",,,,,,,
"('MVTec-AD_transistor', 0.01, 2)",,,,,,,
"('MVTec-AD_transistor', 0.01, 3)",,,,,,,
"('MVTec-AD_transistor', 0.05, 1)",,,,,,,
"('MVTec-AD_transistor', 0.05, 2)",,,,,,,
"('MVTec-AD_transistor', 0.05, 3)",,,,,,,
"('MVTec-AD_transistor', 0.1, 1)",,,,,,,
"('MVTec-AD_transistor', 0.1, 2)",,,,,,,
"('MVTec-AD_transistor', 0.1, 3)",,,,,,,
"('MVTec-AD_transistor', 0.25, 1)",,,,,,,
"('MVTec-AD_transistor', 0.25, 2)",,,,,,,
"('MVTec-AD_transistor', 0.25, 3)",,,,,,,
"('MVTec-AD_transistor', 0.5, 1)",,,,,,,
"('MVTec-AD_transistor', 0.5, 2)",,,,,,,
"('MVTec-AD_transistor', 0.5, 3)",,,,,,,
"('MVTec-AD_transistor', 0.75, 1)",,,,,,,
"('MVTec-AD_transistor', 0.75, 2)",,,,,,,
"('MVTec-AD_transistor', 0.75, 3)",,,,,,,
"('MVTec-AD_transistor', 1.0, 1)",,,,,,,
"('MVTec-AD_transistor', 1.0, 2)",,,,,,,
"('MVTec-AD_transistor', 1.0, 3)",,,,,,,
"('MVTec-AD_toothbrush', 0.0, 1)",,,,,,,
"('MVTec-AD_toothbrush', 0.0, 2)",,,,,,,
"('MVTec-AD_toothbrush', 0.0, 3)",,,,,,,
"('MVTec-AD_toothbrush', 0.01, 1)",,,,,,,
"('MVTec-AD_toothbrush', 0.01, 2)",,,,,,,
"('MVTec-AD_toothbrush', 0.01, 3)",,,,,,,
"('MVTec-AD_toothbrush', 0.05, 1)",,,,,,,
"('MVTec-AD_toothbrush', 0.05, 2)",,,,,,,
"('MVTec-AD_toothbrush', 0.05, 3)",,,,,,,
"('MVTec-AD_toothbrush', 0.1, 1)",,,,,,,
"('MVTec-AD_toothbrush', 0.1, 2)",,,,,,,
"('MVTec-AD_toothbrush', 0.1, 3)",,,,,,,
"('MVTec-AD_toothbrush', 0.25, 1)",,,,,,,
"('MVTec-AD_toothbrush', 0.25, 2)",,,,,,,
"('MVTec-AD_toothbrush', 0.25, 3)",,,,,,,
"('MVTec-AD_toothbrush', 0.5, 1)",,,,,,,
"('MVTec-AD_toothbrush', 0.5, 2)",,,,,,,
"('MVTec-AD_toothbrush', 0.5, 3)",,,,,,,
"('MVTec-AD_toothbrush', 0.75, 1)",,,,,,,
"('MVTec-AD_toothbrush', 0.75, 2)",,,,,,,
"('MVTec-AD_toothbrush', 0.75, 3)",,,,,,,
"('MVTec-AD_toothbrush', 1.0, 1)",,,,,,,
"('MVTec-AD_toothbrush', 1.0, 2)",,,,,,,
"('MVTec-AD_toothbrush', 1.0, 3)",,,,,,,
"('43_WDBC', 0.0, 1)",,,,,,,
"('43_WDBC', 0.0, 2)",,,,,,,
"('43_WDBC', 0.0, 3)",,,,,,,
"('43_WDBC', 0.01, 1)",,,,,,,
"('43_WDBC', 0.01, 2)",,,,,,,
"('43_WDBC', 0.01, 3)",,,,,,,
"('43_WDBC', 0.05, 1)",,,,,,,
"('43_WDBC', 0.05, 2)",,,,,,,
"('43_WDBC', 0.05, 3)",,,,,,,
"('43_WDBC', 0.1, 1)",,,,,,,
"('43_WDBC', 0.1, 2)",,,,,,,
"('43_WDBC', 0.1, 3)",,,,,,,
"('43_WDBC', 0.25, 1)",,,,,,,
"('43_WDBC', 0.25, 2)",,,,,,,
"('43_WDBC', 0.25, 3)",,,,,,,
"('43_WDBC', 0.5, 1)",,,,,,,
"('43_WDBC', 0.5, 2)",,,,,,,
"('43_WDBC', 0.5, 3)",,,,,,,
"('43_WDBC', 0.75, 1)",,,,,,,
"('43_WDBC', 0.75, 2)",,,,,,,
"('43_WDBC', 0.75, 3)",,,,,,,
"('43_WDBC', 1.0, 1)",,,,,,,
"('43_WDBC', 1.0, 2)",,,,,,,
"('43_WDBC', 1.0, 3)",,,,,,,
"('MVTec-AD_screw', 0.0, 1)",,,,,,,
"('MVTec-AD_screw', 0.0, 2)",,,,,,,
"('MVTec-AD_screw', 0.0, 3)",,,,,,,
"('MVTec-AD_screw', 0.01, 1)",,,,,,,
"('MVTec-AD_screw', 0.01, 2)",,,,,,,
"('MVTec-AD_screw', 0.01, 3)",,,,,,,
"('MVTec-AD_screw', 0.05, 1)",,,,,,,
"('MVTec-AD_screw', 0.05, 2)",,,,,,,
"('MVTec-AD_screw', 0.05, 3)",,,,,,,
"('MVTec-AD_screw', 0.1, 1)",,,,,,,
"('MVTec-AD_screw', 0.1, 2)",,,,,,,
"('MVTec-AD_screw', 0.1, 3)",,,,,,,
"('MVTec-AD_screw', 0.25, 1)",,,,,,,
"('MVTec-AD_screw', 0.25, 2)",,,,,,,
"('MVTec-AD_screw', 0.25, 3)",,,,,,,
"('MVTec-AD_screw', 0.5, 1)",,,,,,,
"('MVTec-AD_screw', 0.5, 2)",,,,,,,
"('MVTec-AD_screw', 0.5, 3)",,,,,,,
"('MVTec-AD_screw', 0.75, 1)",,,,,,,
"('MVTec-AD_screw', 0.75, 2)",,,,,,,
"('MVTec-AD_screw', 0.75, 3)",,,,,,,
"('MVTec-AD_screw', 1.0, 1)",,,,,,,
"('MVTec-AD_screw', 1.0, 2)",,,,,,,
"('MVTec-AD_screw', 1.0, 3)",,,,,,,
"('MVTec-AD_tile', 0.0, 1)",,,,,,,
"('MVTec-AD_tile', 0.0, 2)",,,,,,,
"('MVTec-AD_tile', 0.0, 3)",,,,,,,
"('MVTec-AD_tile', 0.01, 1)",,,,,,,
"('MVTec-AD_tile', 0.01, 2)",,,,,,,
"('MVTec-AD_tile', 0.01, 3)",,,,,,,
"('MVTec-AD_tile', 0.05, 1)",,,,,,,
"('MVTec-AD_tile', 0.05, 2)",,,,,,,
"('MVTec-AD_tile', 0.05, 3)",,,,,,,
"('MVTec-AD_tile', 0.1, 1)",,,,,,,
"('MVTec-AD_tile', 0.1, 2)",,,,,,,
"('MVTec-AD_tile', 0.1, 3)",,,,,,,
"('MVTec-AD_tile', 0.25, 1)",,,,,,,
"('MVTec-AD_tile', 0.25, 2)",,,,,,,
"('MVTec-AD_tile', 0.25, 3)",,,,,,,
"('MVTec-AD_tile', 0.5, 1)",,,,,,,
"('MVTec-AD_tile', 0.5, 2)",,,,,,,
"('MVTec-AD_tile', 0.5, 3)",,,,,,,
"('MVTec-AD_tile', 0.75, 1)",,,,,,,
"('MVTec-AD_tile', 0.75, 2)",,,,,,,
"('MVTec-AD_tile', 0.75, 3)",,,,,,,
"('MVTec-AD_tile', 1.0, 1)",,,,,,,
"('MVTec-AD_tile', 1.0, 2)",,,,,,,
"('MVTec-AD_tile', 1.0, 3)",,,,,,,
"('MVTec-AD_cable', 0.0, 1)",,,,,,,
"('MVTec-AD_cable', 0.0, 2)",,,,,,,
"('MVTec-AD_cable', 0.0, 3)",,,,,,,
"('MVTec-AD_cable', 0.01, 1)",,,,,,,
"('MVTec-AD_cable', 0.01, 2)",,,,,,,
"('MVTec-AD_cable', 0.01, 3)",,,,,,,
"('MVTec-AD_cable', 0.05, 1)",,,,,,,
"('MVTec-AD_cable', 0.05, 2)",,,,,,,
"('MVTec-AD_cable', 0.05, 3)",,,,,,,
"('MVTec-AD_cable', 0.1, 1)",,,,,,,
"('MVTec-AD_cable', 0.1, 2)",,,,,,,
"('MVTec-AD_cable', 0.1, 3)",,,,,,,
"('MVTec-AD_cable', 0.25, 1)",,,,,,,
"('MVTec-AD_cable', 0.25, 2)",,,,,,,
"('MVTec-AD_cable', 0.25, 3)",,,,,,,
"('MVTec-AD_cable', 0.5, 1)",,,,,,,
"('MVTec-AD_cable', 0.5, 2)",,,,,,,
"('MVTec-AD_cable', 0.5, 3)",,,,,,,
"('MVTec-AD_cable', 0.75, 1)",,,,,,,
"('MVTec-AD_cable', 0.75, 2)",,,,,,,
"('MVTec-AD_cable', 0.75, 3)",,,,,,,
"('MVTec-AD_cable', 1.0, 1)",,,,,,,
"('MVTec-AD_cable', 1.0, 2)",,,,,,,
"('MVTec-AD_cable', 1.0, 3)",,,,,,,
"('MVTec-AD_carpet', 0.0, 1)",,,,,,,
"('MVTec-AD_carpet', 0.0, 2)",,,,,,,
"('MVTec-AD_carpet', 0.0, 3)",,,,,,,
"('MVTec-AD_carpet', 0.01, 1)",,,,,,,
"('MVTec-AD_carpet', 0.01, 2)",,,,,,,
"('MVTec-AD_carpet', 0.01, 3)",,,,,,,
"('MVTec-AD_carpet', 0.05, 1)",,,,,,,
"('MVTec-AD_carpet', 0.05, 2)",,,,,,,
"('MVTec-AD_carpet', 0.05, 3)",,,,,,,
"('MVTec-AD_carpet', 0.1, 1)",,,,,,,
"('MVTec-AD_carpet', 0.1, 2)",,,,,,,
"('MVTec-AD_carpet', 0.1, 3)",,,,,,,
"('MVTec-AD_carpet', 0.25, 1)",,,,,,,
"('MVTec-AD_carpet', 0.25, 2)",,,,,,,
"('MVTec-AD_carpet', 0.25, 3)",,,,,,,
"('MVTec-AD_carpet', 0.5, 1)",,,,,,,
"('MVTec-AD_carpet', 0.5, 2)",,,,,,,
"('MVTec-AD_carpet', 0.5, 3)",,,,,,,
"('MVTec-AD_carpet', 0.75, 1)",,,,,,,
"('MVTec-AD_carpet', 0.75, 2)",,,,,,,
"('MVTec-AD_carpet', 0.75, 3)",,,,,,,
"('MVTec-AD_carpet', 1.0, 1)",,,,,,,
"('MVTec-AD_carpet', 1.0, 2)",,,,,,,
"('MVTec-AD_carpet', 1.0, 3)",,,,,,,
"('MVTec-AD_capsule', 0.0, 1)",,,,,,,
"('MVTec-AD_capsule', 0.0, 2)",,,,,,,
"('MVTec-AD_capsule', 0.0, 3)",,,,,,,
"('MVTec-AD_capsule', 0.01, 1)",,,,,,,
"('MVTec-AD_capsule', 0.01, 2)",,,,,,,
"('MVTec-AD_capsule', 0.01, 3)",,,,,,,
"('MVTec-AD_capsule', 0.05, 1)",,,,,,,
"('MVTec-AD_capsule', 0.05, 2)",,,,,,,
"('MVTec-AD_capsule', 0.05, 3)",,,,,,,
"('MVTec-AD_capsule', 0.1, 1)",,,,,,,
"('MVTec-AD_capsule', 0.1, 2)",,,,,,,
"('MVTec-AD_capsule', 0.1, 3)",,,,,,,
"('MVTec-AD_capsule', 0.25, 1)",,,,,,,
"('MVTec-AD_capsule', 0.25, 2)",,,,,,,
"('MVTec-AD_capsule', 0.25, 3)",,,,,,,
"('MVTec-AD_capsule', 0.5, 1)",,,,,,,
"('MVTec-AD_capsule', 0.5, 2)",,,,,,,
"('MVTec-AD_capsule', 0.5, 3)",,,,,,,
"('MVTec-AD_capsule', 0.75, 1)",,,,,,,
"('MVTec-AD_capsule', 0.75, 2)",,,,,,,
"('MVTec-AD_capsule', 0.75, 3)",,,,,,,
"('MVTec-AD_capsule', 1.0, 1)",,,,,,,
"('MVTec-AD_capsule', 1.0, 2)",,,,,,,
"('MVTec-AD_capsule', 1.0, 3)",,,,,,,
"('14_glass', 0.0, 1)",,,,,,,
"('14_glass', 0.0, 2)",,,,,,,
"('14_glass', 0.0, 3)",,,,,,,
"('14_glass', 0.01, 1)",,,,,,,
"('14_glass', 0.01, 2)",,,,,,,
"('14_glass', 0.01, 3)",,,,,,,
"('14_glass', 0.05, 1)",,,,,,,
"('14_glass', 0.05, 2)",,,,,,,
"('14_glass', 0.05, 3)",,,,,,,
"('14_glass', 0.1, 1)",,,,,,,
"('14_glass', 0.1, 2)",,,,,,,
"('14_glass', 0.1, 3)",,,,,,,
"('14_glass', 0.25, 1)",,,,,,,
"('14_glass', 0.25, 2)",,,,,,,
"('14_glass', 0.25, 3)",,,,,,,
"('14_glass', 0.5, 1)",,,,,,,
"('14_glass', 0.5, 2)",,,,,,,
"('14_glass', 0.5, 3)",,,,,,,
"('14_glass', 0.75, 1)",,,,,,,
"('14_glass', 0.75, 2)",,,,,,,
"('14_glass', 0.75, 3)",,,,,,,
"('14_glass', 1.0, 1)",,,,,,,
"('14_glass', 1.0, 2)",,,,,,,
"('14_glass', 1.0, 3)",,,,,,,
"('15_Hepatitis', 0.0, 1)",,,,,,,
"('15_Hepatitis', 0.0, 2)",,,,,,,
"('15_Hepatitis', 0.0, 3)",,,,,,,
"('15_Hepatitis', 0.01, 1)",,,,,,,
"('15_Hepatitis', 0.01, 2)",,,,,,,
"('15_Hepatitis', 0.01, 3)",,,,,,,
"('15_Hepatitis', 0.05, 1)",,,,,,,
"('15_Hepatitis', 0.05, 2)",,,,,,,
"('15_Hepatitis', 0.05, 3)",,,,,,,
"('15_Hepatitis', 0.1, 1)",,,,,,,
"('15_Hepatitis', 0.1, 2)",,,,,,,
"('15_Hepatitis', 0.1, 3)",,,,,,,
"('15_Hepatitis', 0.25, 1)",,,,,,,
"('15_Hepatitis', 0.25, 2)",,,,,,,
"('15_Hepatitis', 0.25, 3)",,,,,,,
"('15_Hepatitis', 0.5, 1)",,,,,,,
"('15_Hepatitis', 0.5, 2)",,,,,,,
"('15_Hepatitis', 0.5, 3)",,,,,,,
"('15_Hepatitis', 0.75, 1)",,,,,,,
"('15_Hepatitis', 0.75, 2)",,,,,,,
"('15_Hepatitis', 0.75, 3)",,,,,,,
"('15_Hepatitis', 1.0, 1)",,,,,,,
"('15_Hepatitis', 1.0, 2)",,,,,,,
"('15_Hepatitis', 1.0, 3)",,,,,,,
"('MVTec-AD_pill', 0.0, 1)",,,,,,,
"('MVTec-AD_pill', 0.0, 2)",,,,,,,
"('MVTec-AD_pill', 0.0, 3)",,,,,,,
"('MVTec-AD_pill', 0.01, 1)",,,,,,,
"('MVTec-AD_pill', 0.01, 2)",,,,,,,
"('MVTec-AD_pill', 0.01, 3)",,,,,,,
"('MVTec-AD_pill', 0.05, 1)",,,,,,,
"('MVTec-AD_pill', 0.05, 2)",,,,,,,
"('MVTec-AD_pill', 0.05, 3)",,,,,,,
"('MVTec-AD_pill', 0.1, 1)",,,,,,,
"('MVTec-AD_pill', 0.1, 2)",,,,,,,
"('MVTec-AD_pill', 0.1, 3)",,,,,,,
"('MVTec-AD_pill', 0.25, 1)",,,,,,,
"('MVTec-AD_pill', 0.25, 2)",,,,,,,
"('MVTec-AD_pill', 0.25, 3)",,,,,,,
"('MVTec-AD_pill', 0.5, 1)",,,,,,,
"('MVTec-AD_pill', 0.5, 2)",,,,,,,
"('MVTec-AD_pill', 0.5, 3)",,,,,,,
"('MVTec-AD_pill', 0.75, 1)",,,,,,,
"('MVTec-AD_pill', 0.75, 2)",,,,,,,
"('MVTec-AD_pill', 0.75, 3)",,,,,,,
"('MVTec-AD_pill', 1.0, 1)",,,,,,,
"('MVTec-AD_pill', 1.0, 2)",,,,,,,
"('MVTec-AD_pill', 1.0, 3)",,,,,,,
"('42_WBC', 0.0, 1)",,,,,,,
"('42_WBC', 0.0, 2)",,,,,,,
"('42_WBC', 0.0, 3)",,,,,,,
"('42_WBC', 0.01, 1)",,,,,,,
"('42_WBC', 0.01, 2)",,,,,,,
"('42_WBC', 0.01, 3)",,,,,,,
"('42_WBC', 0.05, 1)",,,,,,,
"('42_WBC', 0.05, 2)",,,,,,,
"('42_WBC', 0.05, 3)",,,,,,,
"('42_WBC', 0.1, 1)",,,,,,,
"('42_WBC', 0.1, 2)",,,,,,,
"('42_WBC', 0.1, 3)",,,,,,,
"('42_WBC', 0.25, 1)",,,,,,,
"('42_WBC', 0.25, 2)",,,,,,,
"('42_WBC', 0.25, 3)",,,,,,,
"('42_WBC', 0.5, 1)",,,,,,,
"('42_WBC', 0.5, 2)",,,,,,,
"('42_WBC', 0.5, 3)",,,,,,,
"('42_WBC', 0.75, 1)",,,,,,,
"('42_WBC', 0.75, 2)",,,,,,,
"('42_WBC', 0.75, 3)",,,,,,,
"('42_WBC', 1.0, 1)",,,,,,,
"('42_WBC', 1.0, 2)",,,,,,,
"('42_WBC', 1.0, 3)",,,,,,,
"('MVTec-AD_bottle', 0.0, 1)",,,,,,,
"('MVTec-AD_bottle', 0.0, 2)",,,,,,,
"('MVTec-AD_bottle', 0.0, 3)",,,,,,,
"('MVTec-AD_bottle', 0.01, 1)",,,,,,,
"('MVTec-AD_bottle', 0.01, 2)",,,,,,,
"('MVTec-AD_bottle', 0.01, 3)",,,,,,,
"('MVTec-AD_bottle', 0.05, 1)",,,,,,,
"('MVTec-AD_bottle', 0.05, 2)",,,,,,,
"('MVTec-AD_bottle', 0.05, 3)",,,,,,,
"('MVTec-AD_bottle', 0.1, 1)",,,,,,,
"('MVTec-AD_bottle', 0.1, 2)",,,,,,,
"('MVTec-AD_bottle', 0.1, 3)",,,,,,,
"('MVTec-AD_bottle', 0.25, 1)",,,,,,,
"('MVTec-AD_bottle', 0.25, 2)",,,,,,,
"('MVTec-AD_bottle', 0.25, 3)",,,,,,,
"('MVTec-AD_bottle', 0.5, 1)",,,,,,,
"('MVTec-AD_bottle', 0.5, 2)",,,,,,,
"('MVTec-AD_bottle', 0.5, 3)",,,,,,,
"('MVTec-AD_bottle', 0.75, 1)",,,,,,,
"('MVTec-AD_bottle', 0.75, 2)",,,,,,,
"('MVTec-AD_bottle', 0.75, 3)",,,,,,,
"('MVTec-AD_bottle', 1.0, 1)",,,,,,,
"('MVTec-AD_bottle', 1.0, 2)",,,,,,,
"('MVTec-AD_bottle', 1.0, 3)",,,,,,,
"('MVTec-AD_leather', 0.0, 1)",,,,,,,
"('MVTec-AD_leather', 0.0, 2)",,,,,,,
"('MVTec-AD_leather', 0.0, 3)",,,,,,,
"('MVTec-AD_leather', 0.01, 1)",,,,,,,
"('MVTec-AD_leather', 0.01, 2)",,,,,,,
"('MVTec-AD_leather', 0.01, 3)",,,,,,,
"('MVTec-AD_leather', 0.05, 1)",,,,,,,
"('MVTec-AD_leather', 0.05, 2)",,,,,,,
"('MVTec-AD_leather', 0.05, 3)",,,,,,,
"('MVTec-AD_leather', 0.1, 1)",,,,,,,
"('MVTec-AD_leather', 0.1, 2)",,,,,,,
"('MVTec-AD_leather', 0.1, 3)",,,,,,,
"('MVTec-AD_leather', 0.25, 1)",,,,,,,
"('MVTec-AD_leather', 0.25, 2)",,,,,,,
"('MVTec-AD_leather', 0.25, 3)",,,,,,,
"('MVTec-AD_leather', 0.5, 1)",,,,,,,
"('MVTec-AD_leather', 0.5, 2)",,,,,,,
"('MVTec-AD_leather', 0.5, 3)",,,,,,,
"('MVTec-AD_leather', 0.75, 1)",,,,,,,
"('MVTec-AD_leather', 0.75, 2)",,,,,,,
"('MVTec-AD_leather', 0.75, 3)",,,,,,,
"('MVTec-AD_leather', 1.0, 1)",,,,,,,
"('MVTec-AD_leather', 1.0, 2)",,,,,,,
"('MVTec-AD_leather', 1.0, 3)",,,,,,,
"('21_Lymphography', 0.0, 1)",,,,,,,
"('21_Lymphography', 0.0, 2)",,,,,,,
"('21_Lymphography', 0.0, 3)",,,,,,,
"('21_Lymphography', 0.01, 1)",,,,,,,
"('21_Lymphography', 0.01, 2)",,,,,,,
"('21_Lymphography', 0.01, 3)",,,,,,,
"('21_Lymphography', 0.05, 1)",,,,,,,
"('21_Lymphography', 0.05, 2)",,,,,,,
"('21_Lymphography', 0.05, 3)",,,,,,,
"('21_Lymphography', 0.1, 1)",,,,,,,
"('21_Lymphography', 0.1, 2)",,,,,,,
"('21_Lymphography', 0.1, 3)",,,,,,,
"('21_Lymphography', 0.25, 1)",,,,,,,
"('21_Lymphography', 0.25, 2)",,,,,,,
"('21_Lymphography', 0.25, 3)",,,,,,,
"('21_Lymphography', 0.5, 1)",,,,,,,
"('21_Lymphography', 0.5, 2)",,,,,,,
"('21_Lymphography', 0.5, 3)",,,,,,,
"('21_Lymphography', 0.75, 1)",,,,,,,
"('21_Lymphography', 0.75, 2)",,,,,,,
"('21_Lymphography', 0.75, 3)",,,,,,,
"('21_Lymphography', 1.0, 1)",,,,,,,
"('21_Lymphography', 1.0, 2)",,,,,,,
"('21_Lymphography', 1.0, 3)",,,,,,,
"('MVTec-AD_metal_nut', 0.0, 1)",,,,,,,
"('MVTec-AD_metal_nut', 0.0, 2)",,,,,,,
"('MVTec-AD_metal_nut', 0.0, 3)",,,,,,,
"('MVTec-AD_metal_nut', 0.01, 1)",,,,,,,
"('MVTec-AD_metal_nut', 0.01, 2)",,,,,,,
"('MVTec-AD_metal_nut', 0.01, 3)",,,,,,,
"('MVTec-AD_metal_nut', 0.05, 1)",,,,,,,
"('MVTec-AD_metal_nut', 0.05, 2)",,,,,,,
"('MVTec-AD_metal_nut', 0.05, 3)",,,,,,,
"('MVTec-AD_metal_nut', 0.1, 1)",,,,,,,
"('MVTec-AD_metal_nut', 0.1, 2)",,,,,,,
"('MVTec-AD_metal_nut', 0.1, 3)",,,,,,,
"('MVTec-AD_metal_nut', 0.25, 1)",,,,,,,
"('MVTec-AD_metal_nut', 0.25, 2)",,,,,,,
"('MVTec-AD_metal_nut', 0.25, 3)",,,,,,,
"('MVTec-AD_metal_nut', 0.5, 1)",,,,,,,
"('MVTec-AD_metal_nut', 0.5, 2)",,,,,,,
"('MVTec-AD_metal_nut', 0.5, 3)",,,,,,,
"('MVTec-AD_metal_nut', 0.75, 1)",,,,,,,
"('MVTec-AD_metal_nut', 0.75, 2)",,,,,,,
"('MVTec-AD_metal_nut', 0.75, 3)",,,,,,,
"('MVTec-AD_metal_nut', 1.0, 1)",,,,,,,
"('MVTec-AD_metal_nut', 1.0, 2)",,,,,,,
"('MVTec-AD_metal_nut', 1.0, 3)",,,,,,,
"('18_Ionosphere', 0.0, 1)",,,,,,,
"('18_Ionosphere', 0.0, 2)",,,,,,,
"('18_Ionosphere', 0.0, 3)",,,,,,,
"('18_Ionosphere', 0.01, 1)",,,,,,,
"('18_Ionosphere', 0.01, 2)",,,,,,,
"('18_Ionosphere', 0.01, 3)",,,,,,,
"('18_Ionosphere', 0.05, 1)",,,,,,,
"('18_Ionosphere', 0.05, 2)",,,,,,,
"('18_Ionosphere', 0.05, 3)",,,,,,,
"('18_Ionosphere', 0.1, 1)",,,,,,,
"('18_Ionosphere', 0.1, 2)",,,,,,,
"('18_Ionosphere', 0.1, 3)",,,,,,,
"('18_Ionosphere', 0.25, 1)",,,,,,,
"('18_Ionosphere', 0.25, 2)",,,,,,,
"('18_Ionosphere', 0.25, 3)",,,,,,,
"('18_Ionosphere', 0.5, 1)",,,,,,,
"('18_Ionosphere', 0.5, 2)",,,,,,,
"('18_Ionosphere', 0.5, 3)",,,,,,,
"('18_Ionosphere', 0.75, 1)",,,,,,,
"('18_Ionosphere', 0.75, 2)",,,,,,,
"('18_Ionosphere', 0.75, 3)",,,,,,,
"('18_Ionosphere', 1.0, 1)",,,,,,,
"('18_Ionosphere', 1.0, 2)",,,,,,,
"('18_Ionosphere', 1.0, 3)",,,,,,,
"('40_vowels', 0.0, 1)",,,,,,,
"('40_vowels', 0.0, 2)",,,,,,,
"('40_vowels', 0.0, 3)",,,,,,,
"('40_vowels', 0.01, 1)",,,,,,,
"('40_vowels', 0.01, 2)",,,,,,,
"('40_vowels', 0.01, 3)",,,,,,,
"('40_vowels', 0.05, 1)",,,,,,,
"('40_vowels', 0.05, 2)",,,,,,,
"('40_vowels', 0.05, 3)",,,,,,,
"('40_vowels', 0.1, 1)",,,,,,,
"('40_vowels', 0.1, 2)",,,,,,,
"('40_vowels', 0.1, 3)",,,,,,,
"('40_vowels', 0.25, 1)",,,,,,,
"('40_vowels', 0.25, 2)",,,,,,,
"('40_vowels', 0.25, 3)",,,,,,,
"('40_vowels', 0.5, 1)",,,,,,,
"('40_vowels', 0.5, 2)",,,,,,,
"('40_vowels', 0.5, 3)",,,,,,,
"('40_vowels', 0.75, 1)",,,,,,,
"('40_vowels', 0.75, 2)",,,,,,,
"('40_vowels', 0.75, 3)",,,,,,,
"('40_vowels', 1.0, 1)",,,,,,,
"('40_vowels', 1.0, 2)",,,,,,,
"('40_vowels', 1.0, 3)",,,,,,,
"('47_yeast', 0.0, 1)",,,,,,,
"('47_yeast', 0.0, 2)",,,,,,,
"('47_yeast', 0.0, 3)",,,,,,,
"('47_yeast', 0.01, 1)",,,,,,,
"('47_yeast', 0.01, 2)",,,,,,,
"('47_yeast', 0.01, 3)",,,,,,,
"('47_yeast', 0.05, 1)",,,,,,,
"('47_yeast', 0.05, 2)",,,,,,,
"('47_yeast', 0.05, 3)",,,,,,,
"('47_yeast', 0.1, 1)",,,,,,,
"('47_yeast', 0.1, 2)",,,,,,,
"('47_yeast', 0.1, 3)",,,,,,,
"('47_yeast', 0.25, 1)",,,,,,,
"('47_yeast', 0.25, 2)",,,,,,,
"('47_yeast', 0.25, 3)",,,,,,,
"('47_yeast', 0.5, 1)",,,,,,,
"('47_yeast', 0.5, 2)",,,,,,,
"('47_yeast', 0.5, 3)",,,,,,,
"('47_yeast', 0.75, 1)",,,,,,,
"('47_yeast', 0.75, 2)",,,,,,,
"('47_yeast', 0.75, 3)",,,,,,,
"('47_yeast', 1.0, 1)",,,,,,,
"('47_yeast', 1.0, 2)",,,,,,,
"('47_yeast', 1.0, 3)",,,,,,,
"('20news_5', 0.0, 1)",,,,,,,
"('20news_5', 0.0, 2)",,,,,,,
"('20news_5', 0.0, 3)",,,,,,,
"('20news_5', 0.01, 1)",,,,,,,
"('20news_5', 0.01, 2)",,,,,,,
"('20news_5', 0.01, 3)",,,,,,,
"('20news_5', 0.05, 1)",,,,,,,
"('20news_5', 0.05, 2)",,,,,,,
"('20news_5', 0.05, 3)",,,,,,,
"('20news_5', 0.1, 1)",,,,,,,
"('20news_5', 0.1, 2)",,,,,,,
"('20news_5', 0.1, 3)",,,,,,,
"('20news_5', 0.25, 1)",,,,,,,
"('20news_5', 0.25, 2)",,,,,,,
"('20news_5', 0.25, 3)",,,,,,,
"('20news_5', 0.5, 1)",,,,,,,
"('20news_5', 0.5, 2)",,,,,,,
"('20news_5', 0.5, 3)",,,,,,,
"('20news_5', 0.75, 1)",,,,,,,
"('20news_5', 0.75, 2)",,,,,,,
"('20news_5', 0.75, 3)",,,,,,,
"('20news_5', 1.0, 1)",,,,,,,
"('20news_5', 1.0, 2)",,,,,,,
"('20news_5', 1.0, 3)",,,,,,,
"('20_letter', 0.0, 1)",,,,,,,
"('20_letter', 0.0, 2)",,,,,,,
"('20_letter', 0.0, 3)",,,,,,,
"('20_letter', 0.01, 1)",,,,,,,
"('20_letter', 0.01, 2)",,,,,,,
"('20_letter', 0.01, 3)",,,,,,,
"('20_letter', 0.05, 1)",,,,,,,
"('20_letter', 0.05, 2)",,,,,,,
"('20_letter', 0.05, 3)",,,,,,,
"('20_letter', 0.1, 1)",,,,,,,
"('20_letter', 0.1, 2)",,,,,,,
"('20_letter', 0.1, 3)",,,,,,,
"('20_letter', 0.25, 1)",,,,,,,
"('20_letter', 0.25, 2)",,,,,,,
"('20_letter', 0.25, 3)",,,,,,,
"('20_letter', 0.5, 1)",,,,,,,
"('20_letter', 0.5, 2)",,,,,,,
"('20_letter', 0.5, 3)",,,,,,,
"('20_letter', 0.75, 1)",,,,,,,
"('20_letter', 0.75, 2)",,,,,,,
"('20_letter', 0.75, 3)",,,,,,,
"('20_letter', 1.0, 1)",,,,,,,
"('20_letter', 1.0, 2)",,,,,,,
"('20_letter', 1.0, 3)",,,,,,,
"('20news_4', 0.0, 1)",,,,,,,
"('20news_4', 0.0, 2)",,,,,,,
"('20news_4', 0.0, 3)",,,,,,,
"('20news_4', 0.01, 1)",,,,,,,
"('20news_4', 0.01, 2)",,,,,,,
"('20news_4', 0.01, 3)",,,,,,,
"('20news_4', 0.05, 1)",,,,,,,
"('20news_4', 0.05, 2)",,,,,,,
"('20news_4', 0.05, 3)",,,,,,,
"('20news_4', 0.1, 1)",,,,,,,
"('20news_4', 0.1, 2)",,,,,,,
"('20news_4', 0.1, 3)",,,,,,,
"('20news_4', 0.25, 1)",,,,,,,
"('20news_4', 0.25, 2)",,,,,,,
"('20news_4', 0.25, 3)",,,,,,,
"('20news_4', 0.5, 1)",,,,,,,
"('20news_4', 0.5, 2)",,,,,,,
"('20news_4', 0.5, 3)",,,,,,,
"('20news_4', 0.75, 1)",,,,,,,
"('20news_4', 0.75, 2)",,,,,,,
"('20news_4', 0.75, 3)",,,,,,,
"('20news_4', 1.0, 1)",,,,,,,
"('20news_4', 1.0, 2)",,,,,,,
"('20news_4', 1.0, 3)",,,,,,,
"('6_cardio', 0.0, 1)",,,,,,,
"('6_cardio', 0.0, 2)",,,,,,,
"('6_cardio', 0.0, 3)",,,,,,,
"('6_cardio', 0.01, 1)",,,,,,,
"('6_cardio', 0.01, 2)",,,,,,,
"('6_cardio', 0.01, 3)",,,,,,,
"('6_cardio', 0.05, 1)",,,,,,,
"('6_cardio', 0.05, 2)",,,,,,,
"('6_cardio', 0.05, 3)",,,,,,,
"('6_cardio', 0.1, 1)",,,,,,,
"('6_cardio', 0.1, 2)",,,,,,,
"('6_cardio', 0.1, 3)",,,,,,,
"('6_cardio', 0.25, 1)",,,,,,,
"('6_cardio', 0.25, 2)",,,,,,,
"('6_cardio', 0.25, 3)",,,,,,,
"('6_cardio', 0.5, 1)",,,,,,,
"('6_cardio', 0.5, 2)",,,,,,,
"('6_cardio', 0.5, 3)",,,,,,,
"('6_cardio', 0.75, 1)",,,,,,,
"('6_cardio', 0.75, 2)",,,,,,,
"('6_cardio', 0.75, 3)",,,,,,,
"('6_cardio', 1.0, 1)",,,,,,,
"('6_cardio', 1.0, 2)",,,,,,,
"('6_cardio', 1.0, 3)",,,,,,,
"('12_fault', 0.0, 1)",,,,,,,
"('12_fault', 0.0, 2)",,,,,,,
"('12_fault', 0.0, 3)",,,,,,,
"('12_fault', 0.01, 1)",,,,,,,
"('12_fault', 0.01, 2)",,,,,,,
"('12_fault', 0.01, 3)",,,,,,,
"('12_fault', 0.05, 1)",,,,,,,
"('12_fault', 0.05, 2)",,,,,,,
"('12_fault', 0.05, 3)",,,,,,,
"('12_fault', 0.1, 1)",,,,,,,
"('12_fault', 0.1, 2)",,,,,,,
"('12_fault', 0.1, 3)",,,,,,,
"('12_fault', 0.25, 1)",,,,,,,
"('12_fault', 0.25, 2)",,,,,,,
"('12_fault', 0.25, 3)",,,,,,,
"('12_fault', 0.5, 1)",,,,,,,
"('12_fault', 0.5, 2)",,,,,,,
"('12_fault', 0.5, 3)",,,,,,,
"('12_fault', 0.75, 1)",,,,,,,
"('12_fault', 0.75, 2)",,,,,,,
"('12_fault', 0.75, 3)",,,,,,,
"('12_fault', 1.0, 1)",,,,,,,
"('12_fault', 1.0, 2)",,,,,,,
"('12_fault', 1.0, 3)",,,,,,,
"('17_InternetAds', 0.0, 1)",,,,,,,
"('17_InternetAds', 0.0, 2)",,,,,,,
"('17_InternetAds', 0.0, 3)",,,,,,,
"('17_InternetAds', 0.01, 1)",,,,,,,
"('17_InternetAds', 0.01, 2)",,,,,,,
"('17_InternetAds', 0.01, 3)",,,,,,,
"('17_InternetAds', 0.05, 1)",,,,,,,
"('17_InternetAds', 0.05, 2)",,,,,,,
"('17_InternetAds', 0.05, 3)",,,,,,,
"('17_InternetAds', 0.1, 1)",,,,,,,
"('17_InternetAds', 0.1, 2)",,,,,,,
"('17_InternetAds', 0.1, 3)",,,,,,,
"('17_InternetAds', 0.25, 1)",,,,,,,
"('17_InternetAds', 0.25, 2)",,,,,,,
"('17_InternetAds', 0.25, 3)",,,,,,,
"('17_InternetAds', 0.5, 1)",,,,,,,
"('17_InternetAds', 0.5, 2)",,,,,,,
"('17_InternetAds', 0.5, 3)",,,,,,,
"('17_InternetAds', 0.75, 1)",,,,,,,
"('17_InternetAds', 0.75, 2)",,,,,,,
"('17_InternetAds', 0.75, 3)",,,,,,,
"('17_InternetAds', 1.0, 1)",,,,,,,
"('17_InternetAds', 1.0, 2)",,,,,,,
"('17_InternetAds', 1.0, 3)",,,,,,,
"('7_Cardiotocography', 0.0, 1)",,,,,,,
"('7_Cardiotocography', 0.0, 2)",,,,,,,
"('7_Cardiotocography', 0.0, 3)",,,,,,,
"('7_Cardiotocography', 0.01, 1)",,,,,,,
"('7_Cardiotocography', 0.01, 2)",,,,,,,
"('7_Cardiotocography', 0.01, 3)",,,,,,,
"('7_Cardiotocography', 0.05, 1)",,,,,,,
"('7_Cardiotocography', 0.05, 2)",,,,,,,
"('7_Cardiotocography', 0.05, 3)",,,,,,,
"('7_Cardiotocography', 0.1, 1)",,,,,,,
"('7_Cardiotocography', 0.1, 2)",,,,,,,
"('7_Cardiotocography', 0.1, 3)",,,,,,,
"('7_Cardiotocography', 0.25, 1)",,,,,,,
"('7_Cardiotocography', 0.25, 2)",,,,,,,
"('7_Cardiotocography', 0.25, 3)",,,,,,,
"('7_Cardiotocography', 0.5, 1)",,,,,,,
"('7_Cardiotocography', 0.5, 2)",,,,,,,
"('7_Cardiotocography', 0.5, 3)",,,,,,,
"('7_Cardiotocography', 0.75, 1)",,,,,,,
"('7_Cardiotocography', 0.75, 2)",,,,,,,
"('7_Cardiotocography', 0.75, 3)",,,,,,,
"('7_Cardiotocography', 1.0, 1)",,,,,,,
"('7_Cardiotocography', 1.0, 2)",,,,,,,
"('7_Cardiotocography', 1.0, 3)",,,,,,,
"('20news_2', 0.0, 1)",,,,,,,
"('20news_2', 0.0, 2)",,,,,,,
"('20news_2', 0.0, 3)",,,,,,,
"('20news_2', 0.01, 1)",,,,,,,
"('20news_2', 0.01, 2)",,,,,,,
"('20news_2', 0.01, 3)",,,,,,,
"('20news_2', 0.05, 1)",,,,,,,
"('20news_2', 0.05, 2)",,,,,,,
"('20news_2', 0.05, 3)",,,,,,,
"('20news_2', 0.1, 1)",,,,,,,
"('20news_2', 0.1, 2)",,,,,,,
"('20news_2', 0.1, 3)",,,,,,,
"('20news_2', 0.25, 1)",,,,,,,
"('20news_2', 0.25, 2)",,,,,,,
"('20news_2', 0.25, 3)",,,,,,,
"('20news_2', 0.5, 1)",,,,,,,
"('20news_2', 0.5, 2)",,,,,,,
"('20news_2', 0.5, 3)",,,,,,,
"('20news_2', 0.75, 1)",,,,,,,
"('20news_2', 0.75, 2)",,,,,,,
"('20news_2', 0.75, 3)",,,,,,,
"('20news_2', 1.0, 1)",,,,,,,
"('20news_2', 1.0, 2)",,,,,,,
"('20news_2', 1.0, 3)",,,,,,,
"('20news_1', 0.0, 1)",,,,,,,
"('20news_1', 0.0, 2)",,,,,,,
"('20news_1', 0.0, 3)",,,,,,,
"('20news_1', 0.01, 1)",,,,,,,
"('20news_1', 0.01, 2)",,,,,,,
"('20news_1', 0.01, 3)",,,,,,,
"('20news_1', 0.05, 1)",,,,,,,
"('20news_1', 0.05, 2)",,,,,,,
"('20news_1', 0.05, 3)",,,,,,,
"('20news_1', 0.1, 1)",,,,,,,
"('20news_1', 0.1, 2)",,,,,,,
"('20news_1', 0.1, 3)",,,,,,,
"('20news_1', 0.25, 1)",,,,,,,
"('20news_1', 0.25, 2)",,,,,,,
"('20news_1', 0.25, 3)",,,,,,,
"('20news_1', 0.5, 1)",,,,,,,
"('20news_1', 0.5, 2)",,,,,,,
"('20news_1', 0.5, 3)",,,,,,,
"('20news_1', 0.75, 1)",,,,,,,
"('20news_1', 0.75, 2)",,,,,,,
"('20news_1', 0.75, 3)",,,,,,,
"('20news_1', 1.0, 1)",,,,,,,
"('20news_1', 1.0, 2)",,,,,,,
"('20news_1', 1.0, 3)",,,,,,,
"('25_musk', 0.0, 1)",,,,,,,
"('25_musk', 0.0, 2)",,,,,,,
"('25_musk', 0.0, 3)",,,,,,,
"('25_musk', 0.01, 1)",,,,,,,
"('25_musk', 0.01, 2)",,,,,,,
"('25_musk', 0.01, 3)",,,,,,,
"('25_musk', 0.05, 1)",,,,,,,
"('25_musk', 0.05, 2)",,,,,,,
"('25_musk', 0.05, 3)",,,,,,,
"('25_musk', 0.1, 1)",,,,,,,
"('25_musk', 0.1, 2)",,,,,,,
"('25_musk', 0.1, 3)",,,,,,,
"('25_musk', 0.25, 1)",,,,,,,
"('25_musk', 0.25, 2)",,,,,,,
"('25_musk', 0.25, 3)",,,,,,,
"('25_musk', 0.5, 1)",,,,,,,
"('25_musk', 0.5, 2)",,,,,,,
"('25_musk', 0.5, 3)",,,,,,,
"('25_musk', 0.75, 1)",,,,,,,
"('25_musk', 0.75, 2)",,,,,,,
"('25_musk', 0.75, 3)",,,,,,,
"('25_musk', 1.0, 1)",,,,,,,
"('25_musk', 1.0, 2)",,,,,,,
"('25_musk', 1.0, 3)",,,,,,,
"('20news_0', 0.0, 1)",,,,,,,
"('20news_0', 0.0, 2)",,,,,,,
"('20news_0', 0.0, 3)",,,,,,,
"('20news_0', 0.01, 1)",,,,,,,
"('20news_0', 0.01, 2)",,,,,,,
"('20news_0', 0.01, 3)",,,,,,,
"('20news_0', 0.05, 1)",,,,,,,
"('20news_0', 0.05, 2)",,,,,,,
"('20news_0', 0.05, 3)",,,,,,,
"('20news_0', 0.1, 1)",,,,,,,
"('20news_0', 0.1, 2)",,,,,,,
"('20news_0', 0.1, 3)",,,,,,,
"('20news_0', 0.25, 1)",,,,,,,
"('20news_0', 0.25, 2)",,,,,,,
"('20news_0', 0.25, 3)",,,,,,,
"('20news_0', 0.5, 1)",,,,,,,
"('20news_0', 0.5, 2)",,,,,,,
"('20news_0', 0.5, 3)",,,,,,,
"('20news_0', 0.75, 1)",,,,,,,
"('20news_0', 0.75, 2)",,,,,,,
"('20news_0', 0.75, 3)",,,,,,,
"('20news_0', 1.0, 1)",,,,,,,
"('20news_0', 1.0, 2)",,,,,,,
"('20news_0', 1.0, 3)",,,,,,,
"('41_Waveform', 0.0, 1)",,,,,,,
"('41_Waveform', 0.0, 2)",,,,,,,
"('41_Waveform', 0.0, 3)",,,,,,,
"('41_Waveform', 0.01, 1)",,,,,,,
"('41_Waveform', 0.01, 2)",,,,,,,
"('41_Waveform', 0.01, 3)",,,,,,,
"('41_Waveform', 0.05, 1)",,,,,,,
"('41_Waveform', 0.05, 2)",,,,,,,
"('41_Waveform', 0.05, 3)",,,,,,,
"('41_Waveform', 0.1, 1)",,,,,,,
"('41_Waveform', 0.1, 2)",,,,,,,
"('41_Waveform', 0.1, 3)",,,,,,,
"('41_Waveform', 0.25, 1)",,,,,,,
"('41_Waveform', 0.25, 2)",,,,,,,
"('41_Waveform', 0.25, 3)",,,,,,,
"('41_Waveform', 0.5, 1)",,,,,,,
"('41_Waveform', 0.5, 2)",,,,,,,
"('41_Waveform', 0.5, 3)",,,,,,,
"('41_Waveform', 0.75, 1)",,,,,,,
"('41_Waveform', 0.75, 2)",,,,,,,
"('41_Waveform', 0.75, 3)",,,,,,,
"('41_Waveform', 1.0, 1)",,,,,,,
"('41_Waveform', 1.0, 2)",,,,,,,
"('41_Waveform', 1.0, 3)",,,,,,,
"('36_speech', 0.0, 1)",,,,,,,
"('36_speech', 0.0, 2)",,,,,,,
"('36_speech', 0.0, 3)",,,,,,,
"('36_speech', 0.01, 1)",,,,,,,
"('36_speech', 0.01, 2)",,,,,,,
"('36_speech', 0.01, 3)",,,,,,,
"('36_speech', 0.05, 1)",,,,,,,
"('36_speech', 0.05, 2)",,,,,,,
"('36_speech', 0.05, 3)",,,,,,,
"('36_speech', 0.1, 1)",,,,,,,
"('36_speech', 0.1, 2)",,,,,,,
"('36_speech', 0.1, 3)",,,,,,,
"('36_speech', 0.25, 1)",,,,,,,
"('36_speech', 0.25, 2)",,,,,,,
"('36_speech', 0.25, 3)",,,,,,,
"('36_speech', 0.5, 1)",,,,,,,
"('36_speech', 0.5, 2)",,,,,,,
"('36_speech', 0.5, 3)",,,,,,,
"('36_speech', 0.75, 1)",,,,,,,
"('36_speech', 0.75, 2)",,,,,,,
"('36_speech', 0.75, 3)",,,,,,,
"('36_speech', 1.0, 1)",,,,,,,
"('36_speech', 1.0, 2)",,,,,,,
"('36_speech', 1.0, 3)",,,,,,,
"('38_thyroid', 0.0, 1)",,,,,,,
"('38_thyroid', 0.0, 2)",,,,,,,
"('38_thyroid', 0.0, 3)",,,,,,,
"('38_thyroid', 0.01, 1)",,,,,,,
"('38_thyroid', 0.01, 2)",,,,,,,
"('38_thyroid', 0.01, 3)",,,,,,,
"('38_thyroid', 0.05, 1)",,,,,,,
"('38_thyroid', 0.05, 2)",,,,,,,
"('38_thyroid', 0.05, 3)",,,,,,,
"('38_thyroid', 0.1, 1)",,,,,,,
"('38_thyroid', 0.1, 2)",,,,,,,
"('38_thyroid', 0.1, 3)",,,,,,,
"('38_thyroid', 0.25, 1)",,,,,,,
"('38_thyroid', 0.25, 2)",,,,,,,
"('38_thyroid', 0.25, 3)",,,,,,,
"('38_thyroid', 0.5, 1)",,,,,,,
"('38_thyroid', 0.5, 2)",,,,,,,
"('38_thyroid', 0.5, 3)",,,,,,,
"('38_thyroid', 0.75, 1)",,,,,,,
"('38_thyroid', 0.75, 2)",,,,,,,
"('38_thyroid', 0.75, 3)",,,,,,,
"('38_thyroid', 1.0, 1)",,,,,,,
"('38_thyroid', 1.0, 2)",,,,,,,
"('38_thyroid', 1.0, 3)",,,,,,,
"('35_SpamBase', 0.0, 1)",,,,,,,
"('35_SpamBase', 0.0, 2)",,,,,,,
"('35_SpamBase', 0.0, 3)",,,,,,,
"('35_SpamBase', 0.01, 1)",,,,,,,
"('35_SpamBase', 0.01, 2)",,,,,,,
"('35_SpamBase', 0.01, 3)",,,,,,,
"('35_SpamBase', 0.05, 1)",,,,,,,
"('35_SpamBase', 0.05, 2)",,,,,,,
"('35_SpamBase', 0.05, 3)",,,,,,,
"('35_SpamBase', 0.1, 1)",,,,,,,
"('35_SpamBase', 0.1, 2)",,,,,,,
"('35_SpamBase', 0.1, 3)",,,,,,,
"('35_SpamBase', 0.25, 1)",,,,,,,
"('35_SpamBase', 0.25, 2)",,,,,,,
"('35_SpamBase', 0.25, 3)",,,,,,,
"('35_SpamBase', 0.5, 1)",,,,,,,
"('35_SpamBase', 0.5, 2)",,,,,,,
"('35_SpamBase', 0.5, 3)",,,,,,,
"('35_SpamBase', 0.75, 1)",,,,,,,
"('35_SpamBase', 0.75, 2)",,,,,,,
"('35_SpamBase', 0.75, 3)",,,,,,,
"('35_SpamBase', 1.0, 1)",,,,,,,
"('35_SpamBase', 1.0, 2)",,,,,,,
"('35_SpamBase', 1.0, 3)",,,,,,,
"('44_Wilt', 0.0, 1)",,,,,,,
"('44_Wilt', 0.0, 2)",,,,,,,
"('44_Wilt', 0.0, 3)",,,,,,,
"('44_Wilt', 0.01, 1)",,,,,,,
"('44_Wilt', 0.01, 2)",,,,,,,
"('44_Wilt', 0.01, 3)",,,,,,,
"('44_Wilt', 0.05, 1)",,,,,,,
"('44_Wilt', 0.05, 2)",,,,,,,
"('44_Wilt', 0.05, 3)",,,,,,,
"('44_Wilt', 0.1, 1)",,,,,,,
"('44_Wilt', 0.1, 2)",,,,,,,
"('44_Wilt', 0.1, 3)",,,,,,,
"('44_Wilt', 0.25, 1)",,,,,,,
"('44_Wilt', 0.25, 2)",,,,,,,
"('44_Wilt', 0.25, 3)",,,,,,,
"('44_Wilt', 0.5, 1)",,,,,,,
"('44_Wilt', 0.5, 2)",,,,,,,
"('44_Wilt', 0.5, 3)",,,,,,,
"('44_Wilt', 0.75, 1)",,,,,,,
"('44_Wilt', 0.75, 2)",,,,,,,
"('44_Wilt', 0.75, 3)",,,,,,,
"('44_Wilt', 1.0, 1)",,,,,,,
"('44_Wilt', 1.0, 2)",,,,,,,
"('44_Wilt', 1.0, 3)",,,,,,,
"('SVHN_9', 0.0, 1)",,,,,,,
"('SVHN_9', 0.0, 2)",,,,,,,
"('SVHN_9', 0.0, 3)",,,,,,,
"('SVHN_9', 0.01, 1)",,,,,,,
"('SVHN_9', 0.01, 2)",,,,,,,
"('SVHN_9', 0.01, 3)",,,,,,,
"('SVHN_9', 0.05, 1)",,,,,,,
"('SVHN_9', 0.05, 2)",,,,,,,
"('SVHN_9', 0.05, 3)",,,,,,,
"('SVHN_9', 0.1, 1)",,,,,,,
"('SVHN_9', 0.1, 2)",,,,,,,
"('SVHN_9', 0.1, 3)",,,,,,,
"('SVHN_9', 0.25, 1)",,,,,,,
"('SVHN_9', 0.25, 2)",,,,,,,
"('SVHN_9', 0.25, 3)",,,,,,,
"('SVHN_9', 0.5, 1)",,,,,,,
"('SVHN_9', 0.5, 2)",,,,,,,
"('SVHN_9', 0.5, 3)",,,,,,,
"('SVHN_9', 0.75, 1)",,,,,,,
"('SVHN_9', 0.75, 2)",,,,,,,
"('SVHN_9', 0.75, 3)",,,,,,,
"('SVHN_9', 1.0, 1)",,,,,,,
"('SVHN_9', 1.0, 2)",,,,,,,
"('SVHN_9', 1.0, 3)",,,,,,,
"('SVHN_0', 0.0, 1)",,,,,,,
"('SVHN_0', 0.0, 2)",,,,,,,
"('SVHN_0', 0.0, 3)",,,,,,,
"('SVHN_0', 0.01, 1)",,,,,,,
"('SVHN_0', 0.01, 2)",,,,,,,
"('SVHN_0', 0.01, 3)",,,,,,,
"('SVHN_0', 0.05, 1)",,,,,,,
"('SVHN_0', 0.05, 2)",,,,,,,
"('SVHN_0', 0.05, 3)",,,,,,,
"('SVHN_0', 0.1, 1)",,,,,,,
"('SVHN_0', 0.1, 2)",,,,,,,
"('SVHN_0', 0.1, 3)",,,,,,,
"('SVHN_0', 0.25, 1)",,,,,,,
"('SVHN_0', 0.25, 2)",,,,,,,
"('SVHN_0', 0.25, 3)",,,,,,,
"('SVHN_0', 0.5, 1)",,,,,,,
"('SVHN_0', 0.5, 2)",,,,,,,
"('SVHN_0', 0.5, 3)",,,,,,,
"('SVHN_0', 0.75, 1)",,,,,,,
"('SVHN_0', 0.75, 2)",,,,,,,
"('SVHN_0', 0.75, 3)",,,,,,,
"('SVHN_0', 1.0, 1)",,,,,,,
"('SVHN_0', 1.0, 2)",,,,,,,
"('SVHN_0', 1.0, 3)",,,,,,,
"('26_optdigits', 0.0, 1)",,,,,,,
"('26_optdigits', 0.0, 2)",,,,,,,
"('26_optdigits', 0.0, 3)",,,,,,,
"('26_optdigits', 0.01, 1)",,,,,,,
"('26_optdigits', 0.01, 2)",,,,,,,
"('26_optdigits', 0.01, 3)",,,,,,,
"('26_optdigits', 0.05, 1)",,,,,,,
"('26_optdigits', 0.05, 2)",,,,,,,
"('26_optdigits', 0.05, 3)",,,,,,,
"('26_optdigits', 0.1, 1)",,,,,,,
"('26_optdigits', 0.1, 2)",,,,,,,
"('26_optdigits', 0.1, 3)",,,,,,,
"('26_optdigits', 0.25, 1)",,,,,,,
"('26_optdigits', 0.25, 2)",,,,,,,
"('26_optdigits', 0.25, 3)",,,,,,,
"('26_optdigits', 0.5, 1)",,,,,,,
"('26_optdigits', 0.5, 2)",,,,,,,
"('26_optdigits', 0.5, 3)",,,,,,,
"('26_optdigits', 0.75, 1)",,,,,,,
"('26_optdigits', 0.75, 2)",,,,,,,
"('26_optdigits', 0.75, 3)",,,,,,,
"('26_optdigits', 1.0, 1)",,,,,,,
"('26_optdigits', 1.0, 2)",,,,,,,
"('26_optdigits', 1.0, 3)",,,,,,,
"('CIFAR10_9', 0.0, 1)",,,,,,,
"('CIFAR10_9', 0.0, 2)",,,,,,,
"('CIFAR10_9', 0.0, 3)",,,,,,,
"('CIFAR10_9', 0.01, 1)",,,,,,,
"('CIFAR10_9', 0.01, 2)",,,,,,,
"('CIFAR10_9', 0.01, 3)",,,,,,,
"('CIFAR10_9', 0.05, 1)",,,,,,,
"('CIFAR10_9', 0.05, 2)",,,,,,,
"('CIFAR10_9', 0.05, 3)",,,,,,,
"('CIFAR10_9', 0.1, 1)",,,,,,,
"('CIFAR10_9', 0.1, 2)",,,,,,,
"('CIFAR10_9', 0.1, 3)",,,,,,,
"('CIFAR10_9', 0.25, 1)",,,,,,,
"('CIFAR10_9', 0.25, 2)",,,,,,,
"('CIFAR10_9', 0.25, 3)",,,,,,,
"('CIFAR10_9', 0.5, 1)",,,,,,,
"('CIFAR10_9', 0.5, 2)",,,,,,,
"('CIFAR10_9', 0.5, 3)",,,,,,,
"('CIFAR10_9', 0.75, 1)",,,,,,,
"('CIFAR10_9', 0.75, 2)",,,,,,,
"('CIFAR10_9', 0.75, 3)",,,,,,,
"('CIFAR10_9', 1.0, 1)",,,,,,,
"('CIFAR10_9', 1.0, 2)",,,,,,,
"('CIFAR10_9', 1.0, 3)",,,,,,,
"('CIFAR10_8', 0.0, 1)",,,,,,,
"('CIFAR10_8', 0.0, 2)",,,,,,,
"('CIFAR10_8', 0.0, 3)",,,,,,,
"('CIFAR10_8', 0.01, 1)",,,,,,,
"('CIFAR10_8', 0.01, 2)",,,,,,,
"('CIFAR10_8', 0.01, 3)",,,,,,,
"('CIFAR10_8', 0.05, 1)",,,,,,,
"('CIFAR10_8', 0.05, 2)",,,,,,,
"('CIFAR10_8', 0.05, 3)",,,,,,,
"('CIFAR10_8', 0.1, 1)",,,,,,,
"('CIFAR10_8', 0.1, 2)",,,,,,,
"('CIFAR10_8', 0.1, 3)",,,,,,,
"('CIFAR10_8', 0.25, 1)",,,,,,,
"('CIFAR10_8', 0.25, 2)",,,,,,,
"('CIFAR10_8', 0.25, 3)",,,,,,,
"('CIFAR10_8', 0.5, 1)",,,,,,,
"('CIFAR10_8', 0.5, 2)",,,,,,,
"('CIFAR10_8', 0.5, 3)",,,,,,,
"('CIFAR10_8', 0.75, 1)",,,,,,,
"('CIFAR10_8', 0.75, 2)",,,,,,,
"('CIFAR10_8', 0.75, 3)",,,,,,,
"('CIFAR10_8', 1.0, 1)",,,,,,,
"('CIFAR10_8', 1.0, 2)",,,,,,,
"('CIFAR10_8', 1.0, 3)",,,,,,,
"('CIFAR10_7', 0.0, 1)",,,,,,,
"('CIFAR10_7', 0.0, 2)",,,,,,,
"('CIFAR10_7', 0.0, 3)",,,,,,,
"('CIFAR10_7', 0.01, 1)",,,,,,,
"('CIFAR10_7', 0.01, 2)",,,,,,,
"('CIFAR10_7', 0.01, 3)",,,,,,,
"('CIFAR10_7', 0.05, 1)",,,,,,,
"('CIFAR10_7', 0.05, 2)",,,,,,,
"('CIFAR10_7', 0.05, 3)",,,,,,,
"('CIFAR10_7', 0.1, 1)",,,,,,,
"('CIFAR10_7', 0.1, 2)",,,,,,,
"('CIFAR10_7', 0.1, 3)",,,,,,,
"('CIFAR10_7', 0.25, 1)",,,,,,,
"('CIFAR10_7', 0.25, 2)",,,,,,,
"('CIFAR10_7', 0.25, 3)",,,,,,,
"('CIFAR10_7', 0.5, 1)",,,,,,,
"('CIFAR10_7', 0.5, 2)",,,,,,,
"('CIFAR10_7', 0.5, 3)",,,,,,,
"('CIFAR10_7', 0.75, 1)",,,,,,,
"('CIFAR10_7', 0.75, 2)",,,,,,,
"('CIFAR10_7', 0.75, 3)",,,,,,,
"('CIFAR10_7', 1.0, 1)",,,,,,,
"('CIFAR10_7', 1.0, 2)",,,,,,,
"('CIFAR10_7', 1.0, 3)",,,,,,,
"('CIFAR10_6', 0.0, 1)",,,,,,,
"('CIFAR10_6', 0.0, 2)",,,,,,,
"('CIFAR10_6', 0.0, 3)",,,,,,,
"('CIFAR10_6', 0.01, 1)",,,,,,,
"('CIFAR10_6', 0.01, 2)",,,,,,,
"('CIFAR10_6', 0.01, 3)",,,,,,,
"('CIFAR10_6', 0.05, 1)",,,,,,,
"('CIFAR10_6', 0.05, 2)",,,,,,,
"('CIFAR10_6', 0.05, 3)",,,,,,,
"('CIFAR10_6', 0.1, 1)",,,,,,,
"('CIFAR10_6', 0.1, 2)",,,,,,,
"('CIFAR10_6', 0.1, 3)",,,,,,,
"('CIFAR10_6', 0.25, 1)",,,,,,,
"('CIFAR10_6', 0.25, 2)",,,,,,,
"('CIFAR10_6', 0.25, 3)",,,,,,,
"('CIFAR10_6', 0.5, 1)",,,,,,,
"('CIFAR10_6', 0.5, 2)",,,,,,,
"('CIFAR10_6', 0.5, 3)",,,,,,,
"('CIFAR10_6', 0.75, 1)",,,,,,,
"('CIFAR10_6', 0.75, 2)",,,,,,,
"('CIFAR10_6', 0.75, 3)",,,,,,,
"('CIFAR10_6', 1.0, 1)",,,,,,,
"('CIFAR10_6', 1.0, 2)",,,,,,,
"('CIFAR10_6', 1.0, 3)",,,,,,,
"('CIFAR10_3', 0.0, 1)",,,,,,,
"('CIFAR10_3', 0.0, 2)",,,,,,,
"('CIFAR10_3', 0.0, 3)",,,,,,,
"('CIFAR10_3', 0.01, 1)",,,,,,,
"('CIFAR10_3', 0.01, 2)",,,,,,,
"('CIFAR10_3', 0.01, 3)",,,,,,,
"('CIFAR10_3', 0.05, 1)",,,,,,,
"('CIFAR10_3', 0.05, 2)",,,,,,,
"('CIFAR10_3', 0.05, 3)",,,,,,,
"('CIFAR10_3', 0.1, 1)",,,,,,,
"('CIFAR10_3', 0.1, 2)",,,,,,,
"('CIFAR10_3', 0.1, 3)",,,,,,,
"('CIFAR10_3', 0.25, 1)",,,,,,,
"('CIFAR10_3', 0.25, 2)",,,,,,,
"('CIFAR10_3', 0.25, 3)",,,,,,,
"('CIFAR10_3', 0.5, 1)",,,,,,,
"('CIFAR10_3', 0.5, 2)",,,,,,,
"('CIFAR10_3', 0.5, 3)",,,,,,,
"('CIFAR10_3', 0.75, 1)",,,,,,,
"('CIFAR10_3', 0.75, 2)",,,,,,,
"('CIFAR10_3', 0.75, 3)",,,,,,,
"('CIFAR10_3', 1.0, 1)",,,,,,,
"('CIFAR10_3', 1.0, 2)",,,,,,,
"('CIFAR10_3', 1.0, 3)",,,,,,,
"('CIFAR10_4', 0.0, 1)",,,,,,,
"('CIFAR10_4', 0.0, 2)",,,,,,,
"('CIFAR10_4', 0.0, 3)",,,,,,,
"('CIFAR10_4', 0.01, 1)",,,,,,,
"('CIFAR10_4', 0.01, 2)",,,,,,,
"('CIFAR10_4', 0.01, 3)",,,,,,,
"('CIFAR10_4', 0.05, 1)",,,,,,,
"('CIFAR10_4', 0.05, 2)",,,,,,,
"('CIFAR10_4', 0.05, 3)",,,,,,,
"('CIFAR10_4', 0.1, 1)",,,,,,,
"('CIFAR10_4', 0.1, 2)",,,,,,,
"('CIFAR10_4', 0.1, 3)",,,,,,,
"('CIFAR10_4', 0.25, 1)",,,,,,,
"('CIFAR10_4', 0.25, 2)",,,,,,,
"('CIFAR10_4', 0.25, 3)",,,,,,,
"('CIFAR10_4', 0.5, 1)",,,,,,,
"('CIFAR10_4', 0.5, 2)",,,,,,,
"('CIFAR10_4', 0.5, 3)",,,,,,,
"('CIFAR10_4', 0.75, 1)",,,,,,,
"('CIFAR10_4', 0.75, 2)",,,,,,,
"('CIFAR10_4', 0.75, 3)",,,,,,,
"('CIFAR10_4', 1.0, 1)",,,,,,,
"('CIFAR10_4', 1.0, 2)",,,,,,,
"('CIFAR10_4', 1.0, 3)",,,,,,,
"('CIFAR10_2', 0.0, 1)",,,,,,,
"('CIFAR10_2', 0.0, 2)",,,,,,,
"('CIFAR10_2', 0.0, 3)",,,,,,,
"('CIFAR10_2', 0.01, 1)",,,,,,,
"('CIFAR10_2', 0.01, 2)",,,,,,,
"('CIFAR10_2', 0.01, 3)",,,,,,,
"('CIFAR10_2', 0.05, 1)",,,,,,,
"('CIFAR10_2', 0.05, 2)",,,,,,,
"('CIFAR10_2', 0.05, 3)",,,,,,,
"('CIFAR10_2', 0.1, 1)",,,,,,,
"('CIFAR10_2', 0.1, 2)",,,,,,,
"('CIFAR10_2', 0.1, 3)",,,,,,,
"('CIFAR10_2', 0.25, 1)",,,,,,,
"('CIFAR10_2', 0.25, 2)",,,,,,,
"('CIFAR10_2', 0.25, 3)",,,,,,,
"('CIFAR10_2', 0.5, 1)",,,,,,,
"('CIFAR10_2', 0.5, 2)",,,,,,,
"('CIFAR10_2', 0.5, 3)",,,,,,,
"('CIFAR10_2', 0.75, 1)",,,,,,,
"('CIFAR10_2', 0.75, 2)",,,,,,,
"('CIFAR10_2', 0.75, 3)",,,,,,,
"('CIFAR10_2', 1.0, 1)",,,,,,,
"('CIFAR10_2', 1.0, 2)",,,,,,,
"('CIFAR10_2', 1.0, 3)",,,,,,,
"('CIFAR10_1', 0.0, 1)",,,,,,,
"('CIFAR10_1', 0.0, 2)",,,,,,,
"('CIFAR10_1', 0.0, 3)",,,,,,,
"('CIFAR10_1', 0.01, 1)",,,,,,,
"('CIFAR10_1', 0.01, 2)",,,,,,,
"('CIFAR10_1', 0.01, 3)",,,,,,,
"('CIFAR10_1', 0.05, 1)",,,,,,,
"('CIFAR10_1', 0.05, 2)",,,,,,,
"('CIFAR10_1', 0.05, 3)",,,,,,,
"('CIFAR10_1', 0.1, 1)",,,,,,,
"('CIFAR10_1', 0.1, 2)",,,,,,,
"('CIFAR10_1', 0.1, 3)",,,,,,,
"('CIFAR10_1', 0.25, 1)",,,,,,,
"('CIFAR10_1', 0.25, 2)",,,,,,,
"('CIFAR10_1', 0.25, 3)",,,,,,,
"('CIFAR10_1', 0.5, 1)",,,,,,,
"('CIFAR10_1', 0.5, 2)",,,,,,,
"('CIFAR10_1', 0.5, 3)",,,,,,,
"('CIFAR10_1', 0.75, 1)",,,,,,,
"('CIFAR10_1', 0.75, 2)",,,,,,,
"('CIFAR10_1', 0.75, 3)",,,,,,,
"('CIFAR10_1', 1.0, 1)",,,,,,,
"('CIFAR10_1', 1.0, 2)",,,,,,,
"('CIFAR10_1', 1.0, 3)",,,,,,,
"('CIFAR10_0', 0.0, 1)",,,,,,,
"('CIFAR10_0', 0.0, 2)",,,,,,,
"('CIFAR10_0', 0.0, 3)",,,,,,,
"('CIFAR10_0', 0.01, 1)",,,,,,,
"('CIFAR10_0', 0.01, 2)",,,,,,,
"('CIFAR10_0', 0.01, 3)",,,,,,,
"('CIFAR10_0', 0.05, 1)",,,,,,,
"('CIFAR10_0', 0.05, 2)",,,,,,,
"('CIFAR10_0', 0.05, 3)",,,,,,,
"('CIFAR10_0', 0.1, 1)",,,,,,,
"('CIFAR10_0', 0.1, 2)",,,,,,,
"('CIFAR10_0', 0.1, 3)",,,,,,,
"('CIFAR10_0', 0.25, 1)",,,,,,,
"('CIFAR10_0', 0.25, 2)",,,,,,,
"('CIFAR10_0', 0.25, 3)",,,,,,,
"('CIFAR10_0', 0.5, 1)",,,,,,,
"('CIFAR10_0', 0.5, 2)",,,,,,,
"('CIFAR10_0', 0.5, 3)",,,,,,,
"('CIFAR10_0', 0.75, 1)",,,,,,,
"('CIFAR10_0', 0.75, 2)",,,,,,,
"('CIFAR10_0', 0.75, 3)",,,,,,,
"('CIFAR10_0', 1.0, 1)",,,,,,,
"('CIFAR10_0', 1.0, 2)",,,,,,,
"('CIFAR10_0', 1.0, 3)",,,,,,,
"('CIFAR10_5', 0.0, 1)",,,,,,,
"('CIFAR10_5', 0.0, 2)",,,,,,,
"('CIFAR10_5', 0.0, 3)",,,,,,,
"('CIFAR10_5', 0.01, 1)",,,,,,,
"('CIFAR10_5', 0.01, 2)",,,,,,,
"('CIFAR10_5', 0.01, 3)",,,,,,,
"('CIFAR10_5', 0.05, 1)",,,,,,,
"('CIFAR10_5', 0.05, 2)",,,,,,,
"('CIFAR10_5', 0.05, 3)",,,,,,,
"('CIFAR10_5', 0.1, 1)",,,,,,,
"('CIFAR10_5', 0.1, 2)",,,,,,,
"('CIFAR10_5', 0.1, 3)",,,,,,,
"('CIFAR10_5', 0.25, 1)",,,,,,,
"('CIFAR10_5', 0.25, 2)",,,,,,,
"('CIFAR10_5', 0.25, 3)",,,,,,,
"('CIFAR10_5', 0.5, 1)",,,,,,,
"('CIFAR10_5', 0.5, 2)",,,,,,,
"('CIFAR10_5', 0.5, 3)",,,,,,,
"('CIFAR10_5', 0.75, 1)",,,,,,,
"('CIFAR10_5', 0.75, 2)",,,,,,,
"('CIFAR10_5', 0.75, 3)",,,,,,,
"('CIFAR10_5', 1.0, 1)",,,,,,,
"('CIFAR10_5', 1.0, 2)",,,,,,,
"('CIFAR10_5', 1.0, 3)",,,,,,,
"('SVHN_8', 0.0, 1)",,,,,,,
"('SVHN_8', 0.0, 2)",,,,,,,
"('SVHN_8', 0.0, 3)",,,,,,,
"('SVHN_8', 0.01, 1)",,,,,,,
"('SVHN_8', 0.01, 2)",,,,,,,
"('SVHN_8', 0.01, 3)",,,,,,,
"('SVHN_8', 0.05, 1)",,,,,,,
"('SVHN_8', 0.05, 2)",,,,,,,
"('SVHN_8', 0.05, 3)",,,,,,,
"('SVHN_8', 0.1, 1)",,,,,,,
"('SVHN_8', 0.1, 2)",,,,,,,
"('SVHN_8', 0.1, 3)",,,,,,,
"('SVHN_8', 0.25, 1)",,,,,,,
"('SVHN_8', 0.25, 2)",,,,,,,
"('SVHN_8', 0.25, 3)",,,,,,,
"('SVHN_8', 0.5, 1)",,,,,,,
"('SVHN_8', 0.5, 2)",,,,,,,
"('SVHN_8', 0.5, 3)",,,,,,,
"('SVHN_8', 0.75, 1)",,,,,,,
"('SVHN_8', 0.75, 2)",,,,,,,
"('SVHN_8', 0.75, 3)",,,,,,,
"('SVHN_8', 1.0, 1)",,,,,,,
"('SVHN_8', 1.0, 2)",,,,,,,
"('SVHN_8', 1.0, 3)",,,,,,,
"('27_PageBlocks', 0.0, 1)",,,,,,,
"('27_PageBlocks', 0.0, 2)",,,,,,,
"('27_PageBlocks', 0.0, 3)",,,,,,,
"('27_PageBlocks', 0.01, 1)",,,,,,,
"('27_PageBlocks', 0.01, 2)",,,,,,,
"('27_PageBlocks', 0.01, 3)",,,,,,,
"('27_PageBlocks', 0.05, 1)",,,,,,,
"('27_PageBlocks', 0.05, 2)",,,,,,,
"('27_PageBlocks', 0.05, 3)",,,,,,,
"('27_PageBlocks', 0.1, 1)",,,,,,,
"('27_PageBlocks', 0.1, 2)",,,,,,,
"('27_PageBlocks', 0.1, 3)",,,,,,,
"('27_PageBlocks', 0.25, 1)",,,,,,,
"('27_PageBlocks', 0.25, 2)",,,,,,,
"('27_PageBlocks', 0.25, 3)",,,,,,,
"('27_PageBlocks', 0.5, 1)",,,,,,,
"('27_PageBlocks', 0.5, 2)",,,,,,,
"('27_PageBlocks', 0.5, 3)",,,,,,,
"('27_PageBlocks', 0.75, 1)",,,,,,,
"('27_PageBlocks', 0.75, 2)",,,,,,,
"('27_PageBlocks', 0.75, 3)",,,,,,,
"('27_PageBlocks', 1.0, 1)",,,,,,,
"('27_PageBlocks', 1.0, 2)",,,,,,,
"('27_PageBlocks', 1.0, 3)",,,,,,,
"('31_satimage-2', 0.0, 1)",,,,,,,
"('31_satimage-2', 0.0, 2)",,,,,,,
"('31_satimage-2', 0.0, 3)",,,,,,,
"('31_satimage-2', 0.01, 1)",,,,,,,
"('31_satimage-2', 0.01, 2)",,,,,,,
"('31_satimage-2', 0.01, 3)",,,,,,,
"('31_satimage-2', 0.05, 1)",,,,,,,
"('31_satimage-2', 0.05, 2)",,,,,,,
"('31_satimage-2', 0.05, 3)",,,,,,,
"('31_satimage-2', 0.1, 1)",,,,,,,
"('31_satimage-2', 0.1, 2)",,,,,,,
"('31_satimage-2', 0.1, 3)",,,,,,,
"('31_satimage-2', 0.25, 1)",,,,,,,
"('31_satimage-2', 0.25, 2)",,,,,,,
"('31_satimage-2', 0.25, 3)",,,,,,,
"('31_satimage-2', 0.5, 1)",,,,,,,
"('31_satimage-2', 0.5, 2)",,,,,,,
"('31_satimage-2', 0.5, 3)",,,,,,,
"('31_satimage-2', 0.75, 1)",,,,,,,
"('31_satimage-2', 0.75, 2)",,,,,,,
"('31_satimage-2', 0.75, 3)",,,,,,,
"('31_satimage-2', 1.0, 1)",,,,,,,
"('31_satimage-2', 1.0, 2)",,,,,,,
"('31_satimage-2', 1.0, 3)",,,,,,,
"('SVHN_7', 0.0, 1)",,,,,,,
"('SVHN_7', 0.0, 2)",,,,,,,
"('SVHN_7', 0.0, 3)",,,,,,,
"('SVHN_7', 0.01, 1)",,,,,,,
"('SVHN_7', 0.01, 2)",,,,,,,
"('SVHN_7', 0.01, 3)",,,,,,,
"('SVHN_7', 0.05, 1)",,,,,,,
"('SVHN_7', 0.05, 2)",,,,,,,
"('SVHN_7', 0.05, 3)",,,,,,,
"('SVHN_7', 0.1, 1)",,,,,,,
"('SVHN_7', 0.1, 2)",,,,,,,
"('SVHN_7', 0.1, 3)",,,,,,,
"('SVHN_7', 0.25, 1)",,,,,,,
"('SVHN_7', 0.25, 2)",,,,,,,
"('SVHN_7', 0.25, 3)",,,,,,,
"('SVHN_7', 0.5, 1)",,,,,,,
"('SVHN_7', 0.5, 2)",,,,,,,
"('SVHN_7', 0.5, 3)",,,,,,,
"('SVHN_7', 0.75, 1)",,,,,,,
"('SVHN_7', 0.75, 2)",,,,,,,
"('SVHN_7', 0.75, 3)",,,,,,,
"('SVHN_7', 1.0, 1)",,,,,,,
"('SVHN_7', 1.0, 2)",,,,,,,
"('SVHN_7', 1.0, 3)",,,,,,,
"('SVHN_6', 0.0, 1)",,,,,,,
"('SVHN_6', 0.0, 2)",,,,,,,
"('SVHN_6', 0.0, 3)",,,,,,,
"('SVHN_6', 0.01, 1)",,,,,,,
"('SVHN_6', 0.01, 2)",,,,,,,
"('SVHN_6', 0.01, 3)",,,,,,,
"('SVHN_6', 0.05, 1)",,,,,,,
"('SVHN_6', 0.05, 2)",,,,,,,
"('SVHN_6', 0.05, 3)",,,,,,,
"('SVHN_6', 0.1, 1)",,,,,,,
"('SVHN_6', 0.1, 2)",,,,,,,
"('SVHN_6', 0.1, 3)",,,,,,,
"('SVHN_6', 0.25, 1)",,,,,,,
"('SVHN_6', 0.25, 2)",,,,,,,
"('SVHN_6', 0.25, 3)",,,,,,,
"('SVHN_6', 0.5, 1)",,,,,,,
"('SVHN_6', 0.5, 2)",,,,,,,
"('SVHN_6', 0.5, 3)",,,,,,,
"('SVHN_6', 0.75, 1)",,,,,,,
"('SVHN_6', 0.75, 2)",,,,,,,
"('SVHN_6', 0.75, 3)",,,,,,,
"('SVHN_6', 1.0, 1)",,,,,,,
"('SVHN_6', 1.0, 2)",,,,,,,
"('SVHN_6', 1.0, 3)",,,,,,,
"('FashionMNIST_9', 0.0, 1)",,,,,,,
"('FashionMNIST_9', 0.0, 2)",,,,,,,
"('FashionMNIST_9', 0.0, 3)",,,,,,,
"('FashionMNIST_9', 0.01, 1)",,,,,,,
"('FashionMNIST_9', 0.01, 2)",,,,,,,
"('FashionMNIST_9', 0.01, 3)",,,,,,,
"('FashionMNIST_9', 0.05, 1)",,,,,,,
"('FashionMNIST_9', 0.05, 2)",,,,,,,
"('FashionMNIST_9', 0.05, 3)",,,,,,,
"('FashionMNIST_9', 0.1, 1)",,,,,,,
"('FashionMNIST_9', 0.1, 2)",,,,,,,
"('FashionMNIST_9', 0.1, 3)",,,,,,,
"('FashionMNIST_9', 0.25, 1)",,,,,,,
"('FashionMNIST_9', 0.25, 2)",,,,,,,
"('FashionMNIST_9', 0.25, 3)",,,,,,,
"('FashionMNIST_9', 0.5, 1)",,,,,,,
"('FashionMNIST_9', 0.5, 2)",,,,,,,
"('FashionMNIST_9', 0.5, 3)",,,,,,,
"('FashionMNIST_9', 0.75, 1)",,,,,,,
"('FashionMNIST_9', 0.75, 2)",,,,,,,
"('FashionMNIST_9', 0.75, 3)",,,,,,,
"('FashionMNIST_9', 1.0, 1)",,,,,,,
"('FashionMNIST_9', 1.0, 2)",,,,,,,
"('FashionMNIST_9', 1.0, 3)",,,,,,,
"('FashionMNIST_5', 0.0, 1)",,,,,,,
"('FashionMNIST_5', 0.0, 2)",,,,,,,
"('FashionMNIST_5', 0.0, 3)",,,,,,,
"('FashionMNIST_5', 0.01, 1)",,,,,,,
"('FashionMNIST_5', 0.01, 2)",,,,,,,
"('FashionMNIST_5', 0.01, 3)",,,,,,,
"('FashionMNIST_5', 0.05, 1)",,,,,,,
"('FashionMNIST_5', 0.05, 2)",,,,,,,
"('FashionMNIST_5', 0.05, 3)",,,,,,,
"('FashionMNIST_5', 0.1, 1)",,,,,,,
"('FashionMNIST_5', 0.1, 2)",,,,,,,
"('FashionMNIST_5', 0.1, 3)",,,,,,,
"('FashionMNIST_5', 0.25, 1)",,,,,,,
"('FashionMNIST_5', 0.25, 2)",,,,,,,
"('FashionMNIST_5', 0.25, 3)",,,,,,,
"('FashionMNIST_5', 0.5, 1)",,,,,,,
"('FashionMNIST_5', 0.5, 2)",,,,,,,
"('FashionMNIST_5', 0.5, 3)",,,,,,,
"('FashionMNIST_5', 0.75, 1)",,,,,,,
"('FashionMNIST_5', 0.75, 2)",,,,,,,
"('FashionMNIST_5', 0.75, 3)",,,,,,,
"('FashionMNIST_5', 1.0, 1)",,,,,,,
"('FashionMNIST_5', 1.0, 2)",,,,,,,
"('FashionMNIST_5', 1.0, 3)",,,,,,,
"('FashionMNIST_7', 0.0, 1)",,,,,,,
"('FashionMNIST_7', 0.0, 2)",,,,,,,
"('FashionMNIST_7', 0.0, 3)",,,,,,,
"('FashionMNIST_7', 0.01, 1)",,,,,,,
"('FashionMNIST_7', 0.01, 2)",,,,,,,
"('FashionMNIST_7', 0.01, 3)",,,,,,,
"('FashionMNIST_7', 0.05, 1)",,,,,,,
"('FashionMNIST_7', 0.05, 2)",,,,,,,
"('FashionMNIST_7', 0.05, 3)",,,,,,,
"('FashionMNIST_7', 0.1, 1)",,,,,,,
"('FashionMNIST_7', 0.1, 2)",,,,,,,
"('FashionMNIST_7', 0.1, 3)",,,,,,,
"('FashionMNIST_7', 0.25, 1)",,,,,,,
"('FashionMNIST_7', 0.25, 2)",,,,,,,
"('FashionMNIST_7', 0.25, 3)",,,,,,,
"('FashionMNIST_7', 0.5, 1)",,,,,,,
"('FashionMNIST_7', 0.5, 2)",,,,,,,
"('FashionMNIST_7', 0.5, 3)",,,,,,,
"('FashionMNIST_7', 0.75, 1)",,,,,,,
"('FashionMNIST_7', 0.75, 2)",,,,,,,
"('FashionMNIST_7', 0.75, 3)",,,,,,,
"('FashionMNIST_7', 1.0, 1)",,,,,,,
"('FashionMNIST_7', 1.0, 2)",,,,,,,
"('FashionMNIST_7', 1.0, 3)",,,,,,,
"('FashionMNIST_0', 0.0, 1)",,,,,,,
"('FashionMNIST_0', 0.0, 2)",,,,,,,
"('FashionMNIST_0', 0.0, 3)",,,,,,,
"('FashionMNIST_0', 0.01, 1)",,,,,,,
"('FashionMNIST_0', 0.01, 2)",,,,,,,
"('FashionMNIST_0', 0.01, 3)",,,,,,,
"('FashionMNIST_0', 0.05, 1)",,,,,,,
"('FashionMNIST_0', 0.05, 2)",,,,,,,
"('FashionMNIST_0', 0.05, 3)",,,,,,,
"('FashionMNIST_0', 0.1, 1)",,,,,,,
"('FashionMNIST_0', 0.1, 2)",,,,,,,
"('FashionMNIST_0', 0.1, 3)",,,,,,,
"('FashionMNIST_0', 0.25, 1)",,,,,,,
"('FashionMNIST_0', 0.25, 2)",,,,,,,
"('FashionMNIST_0', 0.25, 3)",,,,,,,
"('FashionMNIST_0', 0.5, 1)",,,,,,,
"('FashionMNIST_0', 0.5, 2)",,,,,,,
"('FashionMNIST_0', 0.5, 3)",,,,,,,
"('FashionMNIST_0', 0.75, 1)",,,,,,,
"('FashionMNIST_0', 0.75, 2)",,,,,,,
"('FashionMNIST_0', 0.75, 3)",,,,,,,
"('FashionMNIST_0', 1.0, 1)",,,,,,,
"('FashionMNIST_0', 1.0, 2)",,,,,,,
"('FashionMNIST_0', 1.0, 3)",,,,,,,
"('FashionMNIST_1', 0.0, 1)",,,,,,,
"('FashionMNIST_1', 0.0, 2)",,,,,,,
"('FashionMNIST_1', 0.0, 3)",,,,,,,
"('FashionMNIST_1', 0.01, 1)",,,,,,,
"('FashionMNIST_1', 0.01, 2)",,,,,,,
"('FashionMNIST_1', 0.01, 3)",,,,,,,
"('FashionMNIST_1', 0.05, 1)",,,,,,,
"('FashionMNIST_1', 0.05, 2)",,,,,,,
"('FashionMNIST_1', 0.05, 3)",,,,,,,
"('FashionMNIST_1', 0.1, 1)",,,,,,,
"('FashionMNIST_1', 0.1, 2)",,,,,,,
"('FashionMNIST_1', 0.1, 3)",,,,,,,
"('FashionMNIST_1', 0.25, 1)",,,,,,,
"('FashionMNIST_1', 0.25, 2)",,,,,,,
"('FashionMNIST_1', 0.25, 3)",,,,,,,
"('FashionMNIST_1', 0.5, 1)",,,,,,,
"('FashionMNIST_1', 0.5, 2)",,,,,,,
"('FashionMNIST_1', 0.5, 3)",,,,,,,
"('FashionMNIST_1', 0.75, 1)",,,,,,,
"('FashionMNIST_1', 0.75, 2)",,,,,,,
"('FashionMNIST_1', 0.75, 3)",,,,,,,
"('FashionMNIST_1', 1.0, 1)",,,,,,,
"('FashionMNIST_1', 1.0, 2)",,,,,,,
"('FashionMNIST_1', 1.0, 3)",,,,,,,
"('FashionMNIST_8', 0.0, 1)",,,,,,,
"('FashionMNIST_8', 0.0, 2)",,,,,,,
"('FashionMNIST_8', 0.0, 3)",,,,,,,
"('FashionMNIST_8', 0.01, 1)",,,,,,,
"('FashionMNIST_8', 0.01, 2)",,,,,,,
"('FashionMNIST_8', 0.01, 3)",,,,,,,
"('FashionMNIST_8', 0.05, 1)",,,,,,,
"('FashionMNIST_8', 0.05, 2)",,,,,,,
"('FashionMNIST_8', 0.05, 3)",,,,,,,
"('FashionMNIST_8', 0.1, 1)",,,,,,,
"('FashionMNIST_8', 0.1, 2)",,,,,,,
"('FashionMNIST_8', 0.1, 3)",,,,,,,
"('FashionMNIST_8', 0.25, 1)",,,,,,,
"('FashionMNIST_8', 0.25, 2)",,,,,,,
"('FashionMNIST_8', 0.25, 3)",,,,,,,
"('FashionMNIST_8', 0.5, 1)",,,,,,,
"('FashionMNIST_8', 0.5, 2)",,,,,,,
"('FashionMNIST_8', 0.5, 3)",,,,,,,
"('FashionMNIST_8', 0.75, 1)",,,,,,,
"('FashionMNIST_8', 0.75, 2)",,,,,,,
"('FashionMNIST_8', 0.75, 3)",,,,,,,
"('FashionMNIST_8', 1.0, 1)",,,,,,,
"('FashionMNIST_8', 1.0, 2)",,,,,,,
"('FashionMNIST_8', 1.0, 3)",,,,,,,
"('FashionMNIST_4', 0.0, 1)",,,,,,,
"('FashionMNIST_4', 0.0, 2)",,,,,,,
"('FashionMNIST_4', 0.0, 3)",,,,,,,
"('FashionMNIST_4', 0.01, 1)",,,,,,,
"('FashionMNIST_4', 0.01, 2)",,,,,,,
"('FashionMNIST_4', 0.01, 3)",,,,,,,
"('FashionMNIST_4', 0.05, 1)",,,,,,,
"('FashionMNIST_4', 0.05, 2)",,,,,,,
"('FashionMNIST_4', 0.05, 3)",,,,,,,
"('FashionMNIST_4', 0.1, 1)",,,,,,,
"('FashionMNIST_4', 0.1, 2)",,,,,,,
"('FashionMNIST_4', 0.1, 3)",,,,,,,
"('FashionMNIST_4', 0.25, 1)",,,,,,,
"('FashionMNIST_4', 0.25, 2)",,,,,,,
"('FashionMNIST_4', 0.25, 3)",,,,,,,
"('FashionMNIST_4', 0.5, 1)",,,,,,,
"('FashionMNIST_4', 0.5, 2)",,,,,,,
"('FashionMNIST_4', 0.5, 3)",,,,,,,
"('FashionMNIST_4', 0.75, 1)",,,,,,,
"('FashionMNIST_4', 0.75, 2)",,,,,,,
"('FashionMNIST_4', 0.75, 3)",,,,,,,
"('FashionMNIST_4', 1.0, 1)",,,,,,,
"('FashionMNIST_4', 1.0, 2)",,,,,,,
"('FashionMNIST_4', 1.0, 3)",,,,,,,
"('FashionMNIST_2', 0.0, 1)",,,,,,,
"('FashionMNIST_2', 0.0, 2)",,,,,,,
"('FashionMNIST_2', 0.0, 3)",,,,,,,
"('FashionMNIST_2', 0.01, 1)",,,,,,,
"('FashionMNIST_2', 0.01, 2)",,,,,,,
"('FashionMNIST_2', 0.01, 3)",,,,,,,
"('FashionMNIST_2', 0.05, 1)",,,,,,,
"('FashionMNIST_2', 0.05, 2)",,,,,,,
"('FashionMNIST_2', 0.05, 3)",,,,,,,
"('FashionMNIST_2', 0.1, 1)",,,,,,,
"('FashionMNIST_2', 0.1, 2)",,,,,,,
"('FashionMNIST_2', 0.1, 3)",,,,,,,
"('FashionMNIST_2', 0.25, 1)",,,,,,,
"('FashionMNIST_2', 0.25, 2)",,,,,,,
"('FashionMNIST_2', 0.25, 3)",,,,,,,
"('FashionMNIST_2', 0.5, 1)",,,,,,,
"('FashionMNIST_2', 0.5, 2)",,,,,,,
"('FashionMNIST_2', 0.5, 3)",,,,,,,
"('FashionMNIST_2', 0.75, 1)",,,,,,,
"('FashionMNIST_2', 0.75, 2)",,,,,,,
"('FashionMNIST_2', 0.75, 3)",,,,,,,
"('FashionMNIST_2', 1.0, 1)",,,,,,,
"('FashionMNIST_2', 1.0, 2)",,,,,,,
"('FashionMNIST_2', 1.0, 3)",,,,,,,
"('FashionMNIST_3', 0.0, 1)",,,,,,,
"('FashionMNIST_3', 0.0, 2)",,,,,,,
"('FashionMNIST_3', 0.0, 3)",,,,,,,
"('FashionMNIST_3', 0.01, 1)",,,,,,,
"('FashionMNIST_3', 0.01, 2)",,,,,,,
"('FashionMNIST_3', 0.01, 3)",,,,,,,
"('FashionMNIST_3', 0.05, 1)",,,,,,,
"('FashionMNIST_3', 0.05, 2)",,,,,,,
"('FashionMNIST_3', 0.05, 3)",,,,,,,
"('FashionMNIST_3', 0.1, 1)",,,,,,,
"('FashionMNIST_3', 0.1, 2)",,,,,,,
"('FashionMNIST_3', 0.1, 3)",,,,,,,
"('FashionMNIST_3', 0.25, 1)",,,,,,,
"('FashionMNIST_3', 0.25, 2)",,,,,,,
"('FashionMNIST_3', 0.25, 3)",,,,,,,
"('FashionMNIST_3', 0.5, 1)",,,,,,,
"('FashionMNIST_3', 0.5, 2)",,,,,,,
"('FashionMNIST_3', 0.5, 3)",,,,,,,
"('FashionMNIST_3', 0.75, 1)",,,,,,,
"('FashionMNIST_3', 0.75, 2)",,,,,,,
"('FashionMNIST_3', 0.75, 3)",,,,,,,
"('FashionMNIST_3', 1.0, 1)",,,,,,,
"('FashionMNIST_3', 1.0, 2)",,,,,,,
"('FashionMNIST_3', 1.0, 3)",,,,,,,
"('FashionMNIST_6', 0.0, 1)",,,,,,,
"('FashionMNIST_6', 0.0, 2)",,,,,,,
"('FashionMNIST_6', 0.0, 3)",,,,,,,
"('FashionMNIST_6', 0.01, 1)",,,,,,,
"('FashionMNIST_6', 0.01, 2)",,,,,,,
"('FashionMNIST_6', 0.01, 3)",,,,,,,
"('FashionMNIST_6', 0.05, 1)",,,,,,,
"('FashionMNIST_6', 0.05, 2)",,,,,,,
"('FashionMNIST_6', 0.05, 3)",,,,,,,
"('FashionMNIST_6', 0.1, 1)",,,,,,,
"('FashionMNIST_6', 0.1, 2)",,,,,,,
"('FashionMNIST_6', 0.1, 3)",,,,,,,
"('FashionMNIST_6', 0.25, 1)",,,,,,,
"('FashionMNIST_6', 0.25, 2)",,,,,,,
"('FashionMNIST_6', 0.25, 3)",,,,,,,
"('FashionMNIST_6', 0.5, 1)",,,,,,,
"('FashionMNIST_6', 0.5, 2)",,,,,,,
"('FashionMNIST_6', 0.5, 3)",,,,,,,
"('FashionMNIST_6', 0.75, 1)",,,,,,,
"('FashionMNIST_6', 0.75, 2)",,,,,,,
"('FashionMNIST_6', 0.75, 3)",,,,,,,
"('FashionMNIST_6', 1.0, 1)",,,,,,,
"('FashionMNIST_6', 1.0, 2)",,,,,,,
"('FashionMNIST_6', 1.0, 3)",,,,,,,
"('19_landsat', 0.0, 1)",,,,,,,
"('19_landsat', 0.0, 2)",,,,,,,
"('19_landsat', 0.0, 3)",,,,,,,
"('19_landsat', 0.01, 1)",,,,,,,
"('19_landsat', 0.01, 2)",,,,,,,
"('19_landsat', 0.01, 3)",,,,,,,
"('19_landsat', 0.05, 1)",,,,,,,
"('19_landsat', 0.05, 2)",,,,,,,
"('19_landsat', 0.05, 3)",,,,,,,
"('19_landsat', 0.1, 1)",,,,,,,
"('19_landsat', 0.1, 2)",,,,,,,
"('19_landsat', 0.1, 3)",,,,,,,
"('19_landsat', 0.25, 1)",,,,,,,
"('19_landsat', 0.25, 2)",,,,,,,
"('19_landsat', 0.25, 3)",,,,,,,
"('19_landsat', 0.5, 1)",,,,,,,
"('19_landsat', 0.5, 2)",,,,,,,
"('19_landsat', 0.5, 3)",,,,,,,
"('19_landsat', 0.75, 1)",,,,,,,
"('19_landsat', 0.75, 2)",,,,,,,
"('19_landsat', 0.75, 3)",,,,,,,
"('19_landsat', 1.0, 1)",,,,,,,
"('19_landsat', 1.0, 2)",,,,,,,
"('19_landsat', 1.0, 3)",,,,,,,
"('30_satellite', 0.0, 1)",,,,,,,
"('30_satellite', 0.0, 2)",,,,,,,
"('30_satellite', 0.0, 3)",,,,,,,
"('30_satellite', 0.01, 1)",,,,,,,
"('30_satellite', 0.01, 2)",,,,,,,
"('30_satellite', 0.01, 3)",,,,,,,
"('30_satellite', 0.05, 1)",,,,,,,
"('30_satellite', 0.05, 2)",,,,,,,
"('30_satellite', 0.05, 3)",,,,,,,
"('30_satellite', 0.1, 1)",,,,,,,
"('30_satellite', 0.1, 2)",,,,,,,
"('30_satellite', 0.1, 3)",,,,,,,
"('30_satellite', 0.25, 1)",,,,,,,
"('30_satellite', 0.25, 2)",,,,,,,
"('30_satellite', 0.25, 3)",,,,,,,
"('30_satellite', 0.5, 1)",,,,,,,
"('30_satellite', 0.5, 2)",,,,,,,
"('30_satellite', 0.5, 3)",,,,,,,
"('30_satellite', 0.75, 1)",,,,,,,
"('30_satellite', 0.75, 2)",,,,,,,
"('30_satellite', 0.75, 3)",,,,,,,
"('30_satellite', 1.0, 1)",,,,,,,
"('30_satellite', 1.0, 2)",,,,,,,
"('30_satellite', 1.0, 3)",,,,,,,
"('28_pendigits', 0.0, 1)",,,,,,,
"('28_pendigits', 0.0, 2)",,,,,,,
"('28_pendigits', 0.0, 3)",,,,,,,
"('28_pendigits', 0.01, 1)",,,,,,,
"('28_pendigits', 0.01, 2)",,,,,,,
"('28_pendigits', 0.01, 3)",,,,,,,
"('28_pendigits', 0.05, 1)",,,,,,,
"('28_pendigits', 0.05, 2)",,,,,,,
"('28_pendigits', 0.05, 3)",,,,,,,
"('28_pendigits', 0.1, 1)",,,,,,,
"('28_pendigits', 0.1, 2)",,,,,,,
"('28_pendigits', 0.1, 3)",,,,,,,
"('28_pendigits', 0.25, 1)",,,,,,,
"('28_pendigits', 0.25, 2)",,,,,,,
"('28_pendigits', 0.25, 3)",,,,,,,
"('28_pendigits', 0.5, 1)",,,,,,,
"('28_pendigits', 0.5, 2)",,,,,,,
"('28_pendigits', 0.5, 3)",,,,,,,
"('28_pendigits', 0.75, 1)",,,,,,,
"('28_pendigits', 0.75, 2)",,,,,,,
"('28_pendigits', 0.75, 3)",,,,,,,
"('28_pendigits', 1.0, 1)",,,,,,,
"('28_pendigits', 1.0, 2)",,,,,,,
"('28_pendigits', 1.0, 3)",,,,,,,
"('2_annthyroid', 0.0, 1)",,,,,,,
"('2_annthyroid', 0.0, 2)",,,,,,,
"('2_annthyroid', 0.0, 3)",,,,,,,
"('2_annthyroid', 0.01, 1)",,,,,,,
"('2_annthyroid', 0.01, 2)",,,,,,,
"('2_annthyroid', 0.01, 3)",,,,,,,
"('2_annthyroid', 0.05, 1)",,,,,,,
"('2_annthyroid', 0.05, 2)",,,,,,,
"('2_annthyroid', 0.05, 3)",,,,,,,
"('2_annthyroid', 0.1, 1)",,,,,,,
"('2_annthyroid', 0.1, 2)",,,,,,,
"('2_annthyroid', 0.1, 3)",,,,,,,
"('2_annthyroid', 0.25, 1)",,,,,,,
"('2_annthyroid', 0.25, 2)",,,,,,,
"('2_annthyroid', 0.25, 3)",,,,,,,
"('2_annthyroid', 0.5, 1)",,,,,,,
"('2_annthyroid', 0.5, 2)",,,,,,,
"('2_annthyroid', 0.5, 3)",,,,,,,
"('2_annthyroid', 0.75, 1)",,,,,,,
"('2_annthyroid', 0.75, 2)",,,,,,,
"('2_annthyroid', 0.75, 3)",,,,,,,
"('2_annthyroid', 1.0, 1)",,,,,,,
"('2_annthyroid', 1.0, 2)",,,,,,,
"('2_annthyroid', 1.0, 3)",,,,,,,
"('SVHN_5', 0.0, 1)",,,,,,,
"('SVHN_5', 0.0, 2)",,,,,,,
"('SVHN_5', 0.0, 3)",,,,,,,
"('SVHN_5', 0.01, 1)",,,,,,,
"('SVHN_5', 0.01, 2)",,,,,,,
"('SVHN_5', 0.01, 3)",,,,,,,
"('SVHN_5', 0.05, 1)",,,,,,,
"('SVHN_5', 0.05, 2)",,,,,,,
"('SVHN_5', 0.05, 3)",,,,,,,
"('SVHN_5', 0.1, 1)",,,,,,,
"('SVHN_5', 0.1, 2)",,,,,,,
"('SVHN_5', 0.1, 3)",,,,,,,
"('SVHN_5', 0.25, 1)",,,,,,,
"('SVHN_5', 0.25, 2)",,,,,,,
"('SVHN_5', 0.25, 3)",,,,,,,
"('SVHN_5', 0.5, 1)",,,,,,,
"('SVHN_5', 0.5, 2)",,,,,,,
"('SVHN_5', 0.5, 3)",,,,,,,
"('SVHN_5', 0.75, 1)",,,,,,,
"('SVHN_5', 0.75, 2)",,,,,,,
"('SVHN_5', 0.75, 3)",,,,,,,
"('SVHN_5', 1.0, 1)",,,,,,,
"('SVHN_5', 1.0, 2)",,,,,,,
"('SVHN_5', 1.0, 3)",,,,,,,
"('24_mnist', 0.0, 1)",,,,,,,
"('24_mnist', 0.0, 2)",,,,,,,
"('24_mnist', 0.0, 3)",,,,,,,
"('24_mnist', 0.01, 1)",,,,,,,
"('24_mnist', 0.01, 2)",,,,,,,
"('24_mnist', 0.01, 3)",,,,,,,
"('24_mnist', 0.05, 1)",,,,,,,
"('24_mnist', 0.05, 2)",,,,,,,
"('24_mnist', 0.05, 3)",,,,,,,
"('24_mnist', 0.1, 1)",,,,,,,
"('24_mnist', 0.1, 2)",,,,,,,
"('24_mnist', 0.1, 3)",,,,,,,
"('24_mnist', 0.25, 1)",,,,,,,
"('24_mnist', 0.25, 2)",,,,,,,
"('24_mnist', 0.25, 3)",,,,,,,
"('24_mnist', 0.5, 1)",,,,,,,
"('24_mnist', 0.5, 2)",,,,,,,
"('24_mnist', 0.5, 3)",,,,,,,
"('24_mnist', 0.75, 1)",,,,,,,
"('24_mnist', 0.75, 2)",,,,,,,
"('24_mnist', 0.75, 3)",,,,,,,
"('24_mnist', 1.0, 1)",,,,,,,
"('24_mnist', 1.0, 2)",,,,,,,
"('24_mnist', 1.0, 3)",,,,,,,
"('SVHN_4', 0.0, 1)",,,,,,,
"('SVHN_4', 0.0, 2)",,,,,,,
"('SVHN_4', 0.0, 3)",,,,,,,
"('SVHN_4', 0.01, 1)",,,,,,,
"('SVHN_4', 0.01, 2)",,,,,,,
"('SVHN_4', 0.01, 3)",,,,,,,
"('SVHN_4', 0.05, 1)",,,,,,,
"('SVHN_4', 0.05, 2)",,,,,,,
"('SVHN_4', 0.05, 3)",,,,,,,
"('SVHN_4', 0.1, 1)",,,,,,,
"('SVHN_4', 0.1, 2)",,,,,,,
"('SVHN_4', 0.1, 3)",,,,,,,
"('SVHN_4', 0.25, 1)",,,,,,,
"('SVHN_4', 0.25, 2)",,,,,,,
"('SVHN_4', 0.25, 3)",,,,,,,
"('SVHN_4', 0.5, 1)",,,,,,,
"('SVHN_4', 0.5, 2)",,,,,,,
"('SVHN_4', 0.5, 3)",,,,,,,
"('SVHN_4', 0.75, 1)",,,,,,,
"('SVHN_4', 0.75, 2)",,,,,,,
"('SVHN_4', 0.75, 3)",,,,,,,
"('SVHN_4', 1.0, 1)",,,,,,,
"('SVHN_4', 1.0, 2)",,,,,,,
"('SVHN_4', 1.0, 3)",,,,,,,
"('SVHN_3', 0.0, 1)",,,,,,,
"('SVHN_3', 0.0, 2)",,,,,,,
"('SVHN_3', 0.0, 3)",,,,,,,
"('SVHN_3', 0.01, 1)",,,,,,,
"('SVHN_3', 0.01, 2)",,,,,,,
"('SVHN_3', 0.01, 3)",,,,,,,
"('SVHN_3', 0.05, 1)",,,,,,,
"('SVHN_3', 0.05, 2)",,,,,,,
"('SVHN_3', 0.05, 3)",,,,,,,
"('SVHN_3', 0.1, 1)",,,,,,,
"('SVHN_3', 0.1, 2)",,,,,,,
"('SVHN_3', 0.1, 3)",,,,,,,
"('SVHN_3', 0.25, 1)",,,,,,,
"('SVHN_3', 0.25, 2)",,,,,,,
"('SVHN_3', 0.25, 3)",,,,,,,
"('SVHN_3', 0.5, 1)",,,,,,,
"('SVHN_3', 0.5, 2)",,,,,,,
"('SVHN_3', 0.5, 3)",,,,,,,
"('SVHN_3', 0.75, 1)",,,,,,,
"('SVHN_3', 0.75, 2)",,,,,,,
"('SVHN_3', 0.75, 3)",,,,,,,
"('SVHN_3', 1.0, 1)",,,,,,,
"('SVHN_3', 1.0, 2)",,,,,,,
"('SVHN_3', 1.0, 3)",,,,,,,
"('SVHN_2', 0.0, 1)",,,,,,,
"('SVHN_2', 0.0, 2)",,,,,,,
"('SVHN_2', 0.0, 3)",,,,,,,
"('SVHN_2', 0.01, 1)",,,,,,,
"('SVHN_2', 0.01, 2)",,,,,,,
"('SVHN_2', 0.01, 3)",,,,,,,
"('SVHN_2', 0.05, 1)",,,,,,,
"('SVHN_2', 0.05, 2)",,,,,,,
"('SVHN_2', 0.05, 3)",,,,,,,
"('SVHN_2', 0.1, 1)",,,,,,,
"('SVHN_2', 0.1, 2)",,,,,,,
"('SVHN_2', 0.1, 3)",,,,,,,
"('SVHN_2', 0.25, 1)",,,,,,,
"('SVHN_2', 0.25, 2)",,,,,,,
"('SVHN_2', 0.25, 3)",,,,,,,
"('SVHN_2', 0.5, 1)",,,,,,,
"('SVHN_2', 0.5, 2)",,,,,,,
"('SVHN_2', 0.5, 3)",,,,,,,
"('SVHN_2', 0.75, 1)",,,,,,,
"('SVHN_2', 0.75, 2)",,,,,,,
"('SVHN_2', 0.75, 3)",,,,,,,
"('SVHN_2', 1.0, 1)",,,,,,,
"('SVHN_2', 1.0, 2)",,,,,,,
"('SVHN_2', 1.0, 3)",,,,,,,
"('agnews_0', 0.0, 1)",,,,,,,
"('agnews_0', 0.0, 2)",,,,,,,
"('agnews_0', 0.0, 3)",,,,,,,
"('agnews_0', 0.01, 1)",,,,,,,
"('agnews_0', 0.01, 2)",,,,,,,
"('agnews_0', 0.01, 3)",,,,,,,
"('agnews_0', 0.05, 1)",,,,,,,
"('agnews_0', 0.05, 2)",,,,,,,
"('agnews_0', 0.05, 3)",,,,,,,
"('agnews_0', 0.1, 1)",,,,,,,
"('agnews_0', 0.1, 2)",,,,,,,
"('agnews_0', 0.1, 3)",,,,,,,
"('agnews_0', 0.25, 1)",,,,,,,
"('agnews_0', 0.25, 2)",,,,,,,
"('agnews_0', 0.25, 3)",,,,,,,
"('agnews_0', 0.5, 1)",,,,,,,
"('agnews_0', 0.5, 2)",,,,,,,
"('agnews_0', 0.5, 3)",,,,,,,
"('agnews_0', 0.75, 1)",,,,,,,
"('agnews_0', 0.75, 2)",,,,,,,
"('agnews_0', 0.75, 3)",,,,,,,
"('agnews_0', 1.0, 1)",,,,,,,
"('agnews_0', 1.0, 2)",,,,,,,
"('agnews_0', 1.0, 3)",,,,,,,
"('agnews_1', 0.0, 1)",,,,,,,
"('agnews_1', 0.0, 2)",,,,,,,
"('agnews_1', 0.0, 3)",,,,,,,
"('agnews_1', 0.01, 1)",,,,,,,
"('agnews_1', 0.01, 2)",,,,,,,
"('agnews_1', 0.01, 3)",,,,,,,
"('agnews_1', 0.05, 1)",,,,,,,
"('agnews_1', 0.05, 2)",,,,,,,
"('agnews_1', 0.05, 3)",,,,,,,
"('agnews_1', 0.1, 1)",,,,,,,
"('agnews_1', 0.1, 2)",,,,,,,
"('agnews_1', 0.1, 3)",,,,,,,
"('agnews_1', 0.25, 1)",,,,,,,
"('agnews_1', 0.25, 2)",,,,,,,
"('agnews_1', 0.25, 3)",,,,,,,
"('agnews_1', 0.5, 1)",,,,,,,
"('agnews_1', 0.5, 2)",,,,,,,
"('agnews_1', 0.5, 3)",,,,,,,
"('agnews_1', 0.75, 1)",,,,,,,
"('agnews_1', 0.75, 2)",,,,,,,
"('agnews_1', 0.75, 3)",,,,,,,
"('agnews_1', 1.0, 1)",,,,,,,
"('agnews_1', 1.0, 2)",,,,,,,
"('agnews_1', 1.0, 3)",,,,,,,
"('agnews_2', 0.0, 1)",,,,,,,
"('agnews_2', 0.0, 2)",,,,,,,
"('agnews_2', 0.0, 3)",,,,,,,
"('agnews_2', 0.01, 1)",,,,,,,
"('agnews_2', 0.01, 2)",,,,,,,
"('agnews_2', 0.01, 3)",,,,,,,
"('agnews_2', 0.05, 1)",,,,,,,
"('agnews_2', 0.05, 2)",,,,,,,
"('agnews_2', 0.05, 3)",,,,,,,
"('agnews_2', 0.1, 1)",,,,,,,
"('agnews_2', 0.1, 2)",,,,,,,
"('agnews_2', 0.1, 3)",,,,,,,
"('agnews_2', 0.25, 1)",,,,,,,
"('agnews_2', 0.25, 2)",,,,,,,
"('agnews_2', 0.25, 3)",,,,,,,
"('agnews_2', 0.5, 1)",,,,,,,
"('agnews_2', 0.5, 2)",,,,,,,
"('agnews_2', 0.5, 3)",,,,,,,
"('agnews_2', 0.75, 1)",,,,,,,
"('agnews_2', 0.75, 2)",,,,,,,
"('agnews_2', 0.75, 3)",,,,,,,
"('agnews_2', 1.0, 1)",,,,,,,
"('agnews_2', 1.0, 2)",,,,,,,
"('agnews_2', 1.0, 3)",,,,,,,
"('agnews_3', 0.0, 1)",,,,,,,
"('agnews_3', 0.0, 2)",,,,,,,
"('agnews_3', 0.0, 3)",,,,,,,
"('agnews_3', 0.01, 1)",,,,,,,
"('agnews_3', 0.01, 2)",,,,,,,
"('agnews_3', 0.01, 3)",,,,,,,
"('agnews_3', 0.05, 1)",,,,,,,
"('agnews_3', 0.05, 2)",,,,,,,
"('agnews_3', 0.05, 3)",,,,,,,
"('agnews_3', 0.1, 1)",,,,,,,
"('agnews_3', 0.1, 2)",,,,,,,
"('agnews_3', 0.1, 3)",,,,,,,
"('agnews_3', 0.25, 1)",,,,,,,
"('agnews_3', 0.25, 2)",,,,,,,
"('agnews_3', 0.25, 3)",,,,,,,
"('agnews_3', 0.5, 1)",,,,,,,
"('agnews_3', 0.5, 2)",,,,,,,
"('agnews_3', 0.5, 3)",,,,,,,
"('agnews_3', 0.75, 1)",,,,,,,
"('agnews_3', 0.75, 2)",,,,,,,
"('agnews_3', 0.75, 3)",,,,,,,
"('agnews_3', 1.0, 1)",,,,,,,
"('agnews_3', 1.0, 2)",,,,,,,
"('agnews_3', 1.0, 3)",,,,,,,
"('amazon', 0.0, 1)",,,,,,,
"('amazon', 0.0, 2)",,,,,,,
"('amazon', 0.0, 3)",,,,,,,
"('amazon', 0.01, 1)",,,,,,,
"('amazon', 0.01, 2)",,,,,,,
"('amazon', 0.01, 3)",,,,,,,
"('amazon', 0.05, 1)",,,,,,,
"('amazon', 0.05, 2)",,,,,,,
"('amazon', 0.05, 3)",,,,,,,
"('amazon', 0.1, 1)",,,,,,,
"('amazon', 0.1, 2)",,,,,,,
"('amazon', 0.1, 3)",,,,,,,
"('amazon', 0.25, 1)",,,,,,,
"('amazon', 0.25, 2)",,,,,,,
"('amazon', 0.25, 3)",,,,,,,
"('amazon', 0.5, 1)",,,,,,,
"('amazon', 0.5, 2)",,,,,,,
"('amazon', 0.5, 3)",,,,,,,
"('amazon', 0.75, 1)",,,,,,,
"('amazon', 0.75, 2)",,,,,,,
"('amazon', 0.75, 3)",,,,,,,
"('amazon', 1.0, 1)",,,,,,,
"('amazon', 1.0, 2)",,,,,,,
"('amazon', 1.0, 3)",,,,,,,
"('SVHN_1', 0.0, 1)",,,,,,,
"('SVHN_1', 0.0, 2)",,,,,,,
"('SVHN_1', 0.0, 3)",,,,,,,
"('SVHN_1', 0.01, 1)",,,,,,,
"('SVHN_1', 0.01, 2)",,,,,,,
"('SVHN_1', 0.01, 3)",,,,,,,
"('SVHN_1', 0.05, 1)",,,,,,,
"('SVHN_1', 0.05, 2)",,,,,,,
"('SVHN_1', 0.05, 3)",,,,,,,
"('SVHN_1', 0.1, 1)",,,,,,,
"('SVHN_1', 0.1, 2)",,,,,,,
"('SVHN_1', 0.1, 3)",,,,,,,
"('SVHN_1', 0.25, 1)",,,,,,,
"('SVHN_1', 0.25, 2)",,,,,,,
"('SVHN_1', 0.25, 3)",,,,,,,
"('SVHN_1', 0.5, 1)",,,,,,,
"('SVHN_1', 0.5, 2)",,,,,,,
"('SVHN_1', 0.5, 3)",,,,,,,
"('SVHN_1', 0.75, 1)",,,,,,,
"('SVHN_1', 0.75, 2)",,,,,,,
"('SVHN_1', 0.75, 3)",,,,,,,
"('SVHN_1', 1.0, 1)",,,,,,,
"('SVHN_1', 1.0, 2)",,,,,,,
"('SVHN_1', 1.0, 3)",,,,,,,
"('10_cover', 0.0, 1)",,,,,,,
"('10_cover', 0.0, 2)",,,,,,,
"('10_cover', 0.0, 3)",,,,,,,
"('10_cover', 0.01, 1)",,,,,,,
"('10_cover', 0.01, 2)",,,,,,,
"('10_cover', 0.01, 3)",,,,,,,
"('10_cover', 0.05, 1)",,,,,,,
"('10_cover', 0.05, 2)",,,,,,,
"('10_cover', 0.05, 3)",,,,,,,
"('10_cover', 0.1, 1)",,,,,,,
"('10_cover', 0.1, 2)",,,,,,,
"('10_cover', 0.1, 3)",,,,,,,
"('10_cover', 0.25, 1)",,,,,,,
"('10_cover', 0.25, 2)",,,,,,,
"('10_cover', 0.25, 3)",,,,,,,
"('10_cover', 0.5, 1)",,,,,,,
"('10_cover', 0.5, 2)",,,,,,,
"('10_cover', 0.5, 3)",,,,,,,
"('10_cover', 0.75, 1)",,,,,,,
"('10_cover', 0.75, 2)",,,,,,,
"('10_cover', 0.75, 3)",,,,,,,
"('10_cover', 1.0, 1)",,,,,,,
"('10_cover', 1.0, 2)",,,,,,,
"('10_cover', 1.0, 3)",,,,,,,
"('MNIST-C_translate', 0.0, 1)",,,,,,,
"('MNIST-C_translate', 0.0, 2)",,,,,,,
"('MNIST-C_translate', 0.0, 3)",,,,,,,
"('MNIST-C_translate', 0.01, 1)",,,,,,,
"('MNIST-C_translate', 0.01, 2)",,,,,,,
"('MNIST-C_translate', 0.01, 3)",,,,,,,
"('MNIST-C_translate', 0.05, 1)",,,,,,,
"('MNIST-C_translate', 0.05, 2)",,,,,,,
"('MNIST-C_translate', 0.05, 3)",,,,,,,
"('MNIST-C_translate', 0.1, 1)",,,,,,,
"('MNIST-C_translate', 0.1, 2)",,,,,,,
"('MNIST-C_translate', 0.1, 3)",,,,,,,
"('MNIST-C_translate', 0.25, 1)",,,,,,,
"('MNIST-C_translate', 0.25, 2)",,,,,,,
"('MNIST-C_translate', 0.25, 3)",,,,,,,
"('MNIST-C_translate', 0.5, 1)",,,,,,,
"('MNIST-C_translate', 0.5, 2)",,,,,,,
"('MNIST-C_translate', 0.5, 3)",,,,,,,
"('MNIST-C_translate', 0.75, 1)",,,,,,,
"('MNIST-C_translate', 0.75, 2)",,,,,,,
"('MNIST-C_translate', 0.75, 3)",,,,,,,
"('MNIST-C_translate', 1.0, 1)",,,,,,,
"('MNIST-C_translate', 1.0, 2)",,,,,,,
"('MNIST-C_translate', 1.0, 3)",,,,,,,
"('11_donors', 0.0, 1)",,,,,,,
"('11_donors', 0.0, 2)",,,,,,,
"('11_donors', 0.0, 3)",,,,,,,
"('11_donors', 0.01, 1)",,,,,,,
"('11_donors', 0.01, 2)",,,,,,,
"('11_donors', 0.01, 3)",,,,,,,
"('11_donors', 0.05, 1)",,,,,,,
"('11_donors', 0.05, 2)",,,,,,,
"('11_donors', 0.05, 3)",,,,,,,
"('11_donors', 0.1, 1)",,,,,,,
"('11_donors', 0.1, 2)",,,,,,,
"('11_donors', 0.1, 3)",,,,,,,
"('11_donors', 0.25, 1)",,,,,,,
"('11_donors', 0.25, 2)",,,,,,,
"('11_donors', 0.25, 3)",,,,,,,
"('11_donors', 0.5, 1)",,,,,,,
"('11_donors', 0.5, 2)",,,,,,,
"('11_donors', 0.5, 3)",,,,,,,
"('11_donors', 0.75, 1)",,,,,,,
"('11_donors', 0.75, 2)",,,,,,,
"('11_donors', 0.75, 3)",,,,,,,
"('11_donors', 1.0, 1)",,,,,,,
"('11_donors', 1.0, 2)",,,,,,,
"('11_donors', 1.0, 3)",,,,,,,
"('13_fraud', 0.0, 1)",,,,,,,
"('13_fraud', 0.0, 2)",,,,,,,
"('13_fraud', 0.0, 3)",,,,,,,
"('13_fraud', 0.01, 1)",,,,,,,
"('13_fraud', 0.01, 2)",,,,,,,
"('13_fraud', 0.01, 3)",,,,,,,
"('13_fraud', 0.05, 1)",,,,,,,
"('13_fraud', 0.05, 2)",,,,,,,
"('13_fraud', 0.05, 3)",,,,,,,
"('13_fraud', 0.1, 1)",,,,,,,
"('13_fraud', 0.1, 2)",,,,,,,
"('13_fraud', 0.1, 3)",,,,,,,
"('13_fraud', 0.25, 1)",,,,,,,
"('13_fraud', 0.25, 2)",,,,,,,
"('13_fraud', 0.25, 3)",,,,,,,
"('13_fraud', 0.5, 1)",,,,,,,
"('13_fraud', 0.5, 2)",,,,,,,
"('13_fraud', 0.5, 3)",,,,,,,
"('13_fraud', 0.75, 1)",,,,,,,
"('13_fraud', 0.75, 2)",,,,,,,
"('13_fraud', 0.75, 3)",,,,,,,
"('13_fraud', 1.0, 1)",,,,,,,
"('13_fraud', 1.0, 2)",,,,,,,
"('13_fraud', 1.0, 3)",,,,,,,
"('16_http', 0.0, 1)",,,,,,,
"('16_http', 0.0, 2)",,,,,,,
"('16_http', 0.0, 3)",,,,,,,
"('16_http', 0.01, 1)",,,,,,,
"('16_http', 0.01, 2)",,,,,,,
"('16_http', 0.01, 3)",,,,,,,
"('16_http', 0.05, 1)",,,,,,,
"('16_http', 0.05, 2)",,,,,,,
"('16_http', 0.05, 3)",,,,,,,
"('16_http', 0.1, 1)",,,,,,,
"('16_http', 0.1, 2)",,,,,,,
"('16_http', 0.1, 3)",,,,,,,
"('16_http', 0.25, 1)",,,,,,,
"('16_http', 0.25, 2)",,,,,,,
"('16_http', 0.25, 3)",,,,,,,
"('16_http', 0.5, 1)",,,,,,,
"('16_http', 0.5, 2)",,,,,,,
"('16_http', 0.5, 3)",,,,,,,
"('16_http', 0.75, 1)",,,,,,,
"('16_http', 0.75, 2)",,,,,,,
"('16_http', 0.75, 3)",,,,,,,
"('16_http', 1.0, 1)",,,,,,,
"('16_http', 1.0, 2)",,,,,,,
"('16_http', 1.0, 3)",,,,,,,
"('1_ALOI', 0.0, 1)",,,,,,,
"('1_ALOI', 0.0, 2)",,,,,,,
"('1_ALOI', 0.0, 3)",,,,,,,
"('1_ALOI', 0.01, 1)",,,,,,,
"('1_ALOI', 0.01, 2)",,,,,,,
"('1_ALOI', 0.01, 3)",,,,,,,
"('1_ALOI', 0.05, 1)",,,,,,,
"('1_ALOI', 0.05, 2)",,,,,,,
"('1_ALOI', 0.05, 3)",,,,,,,
"('1_ALOI', 0.1, 1)",,,,,,,
"('1_ALOI', 0.1, 2)",,,,,,,
"('1_ALOI', 0.1, 3)",,,,,,,
"('1_ALOI', 0.25, 1)",,,,,,,
"('1_ALOI', 0.25, 2)",,,,,,,
"('1_ALOI', 0.25, 3)",,,,,,,
"('1_ALOI', 0.5, 1)",,,,,,,
"('1_ALOI', 0.5, 2)",,,,,,,
"('1_ALOI', 0.5, 3)",,,,,,,
"('1_ALOI', 0.75, 1)",,,,,,,
"('1_ALOI', 0.75, 2)",,,,,,,
"('1_ALOI', 0.75, 3)",,,,,,,
"('1_ALOI', 1.0, 1)",,,,,,,
"('1_ALOI', 1.0, 2)",,,,,,,
"('1_ALOI', 1.0, 3)",,,,,,,
"('22_magic.gamma', 0.0, 1)",,,,,,,
"('22_magic.gamma', 0.0, 2)",,,,,,,
"('22_magic.gamma', 0.0, 3)",,,,,,,
"('22_magic.gamma', 0.01, 1)",,,,,,,
"('22_magic.gamma', 0.01, 2)",,,,,,,
"('22_magic.gamma', 0.01, 3)",,,,,,,
"('22_magic.gamma', 0.05, 1)",,,,,,,
"('22_magic.gamma', 0.05, 2)",,,,,,,
"('22_magic.gamma', 0.05, 3)",,,,,,,
"('22_magic.gamma', 0.1, 1)",,,,,,,
"('22_magic.gamma', 0.1, 2)",,,,,,,
"('22_magic.gamma', 0.1, 3)",,,,,,,
"('22_magic.gamma', 0.25, 1)",,,,,,,
"('22_magic.gamma', 0.25, 2)",,,,,,,
"('22_magic.gamma', 0.25, 3)",,,,,,,
"('22_magic.gamma', 0.5, 1)",,,,,,,
"('22_magic.gamma', 0.5, 2)",,,,,,,
"('22_magic.gamma', 0.5, 3)",,,,,,,
"('22_magic.gamma', 0.75, 1)",,,,,,,
"('22_magic.gamma', 0.75, 2)",,,,,,,
"('22_magic.gamma', 0.75, 3)",,,,,,,
"('22_magic.gamma', 1.0, 1)",,,,,,,
"('22_magic.gamma', 1.0, 2)",,,,,,,
"('22_magic.gamma', 1.0, 3)",,,,,,,
"('23_mammography', 0.0, 1)",,,,,,,
"('23_mammography', 0.0, 2)",,,,,,,
"('23_mammography', 0.0, 3)",,,,,,,
"('23_mammography', 0.01, 1)",,,,,,,
"('23_mammography', 0.01, 2)",,,,,,,
"('23_mammography', 0.01, 3)",,,,,,,
"('23_mammography', 0.05, 1)",,,,,,,
"('23_mammography', 0.05, 2)",,,,,,,
"('23_mammography', 0.05, 3)",,,,,,,
"('23_mammography', 0.1, 1)",,,,,,,
"('23_mammography', 0.1, 2)",,,,,,,
"('23_mammography', 0.1, 3)",,,,,,,
"('23_mammography', 0.25, 1)",,,,,,,
"('23_mammography', 0.25, 2)",,,,,,,
"('23_mammography', 0.25, 3)",,,,,,,
"('23_mammography', 0.5, 1)",,,,,,,
"('23_mammography', 0.5, 2)",,,,,,,
"('23_mammography', 0.5, 3)",,,,,,,
"('23_mammography', 0.75, 1)",,,,,,,
"('23_mammography', 0.75, 2)",,,,,,,
"('23_mammography', 0.75, 3)",,,,,,,
"('23_mammography', 1.0, 1)",,,,,,,
"('23_mammography', 1.0, 2)",,,,,,,
"('23_mammography', 1.0, 3)",,,,,,,
"('32_shuttle', 0.0, 1)",,,,,,,
"('32_shuttle', 0.0, 2)",,,,,,,
"('32_shuttle', 0.0, 3)",,,,,,,
"('32_shuttle', 0.01, 1)",,,,,,,
"('32_shuttle', 0.01, 2)",,,,,,,
"('32_shuttle', 0.01, 3)",,,,,,,
"('32_shuttle', 0.05, 1)",,,,,,,
"('32_shuttle', 0.05, 2)",,,,,,,
"('32_shuttle', 0.05, 3)",,,,,,,
"('32_shuttle', 0.1, 1)",,,,,,,
"('32_shuttle', 0.1, 2)",,,,,,,
"('32_shuttle', 0.1, 3)",,,,,,,
"('32_shuttle', 0.25, 1)",,,,,,,
"('32_shuttle', 0.25, 2)",,,,,,,
"('32_shuttle', 0.25, 3)",,,,,,,
"('32_shuttle', 0.5, 1)",,,,,,,
"('32_shuttle', 0.5, 2)",,,,,,,
"('32_shuttle', 0.5, 3)",,,,,,,
"('32_shuttle', 0.75, 1)",,,,,,,
"('32_shuttle', 0.75, 2)",,,,,,,
"('32_shuttle', 0.75, 3)",,,,,,,
"('32_shuttle', 1.0, 1)",,,,,,,
"('32_shuttle', 1.0, 2)",,,,,,,
"('32_shuttle', 1.0, 3)",,,,,,,
"('33_skin', 0.0, 1)",,,,,,,
"('33_skin', 0.0, 2)",,,,,,,
"('33_skin', 0.0, 3)",,,,,,,
"('33_skin', 0.01, 1)",,,,,,,
"('33_skin', 0.01, 2)",,,,,,,
"('33_skin', 0.01, 3)",,,,,,,
"('33_skin', 0.05, 1)",,,,,,,
"('33_skin', 0.05, 2)",,,,,,,
"('33_skin', 0.05, 3)",,,,,,,
"('33_skin', 0.1, 1)",,,,,,,
"('33_skin', 0.1, 2)",,,,,,,
"('33_skin', 0.1, 3)",,,,,,,
"('33_skin', 0.25, 1)",,,,,,,
"('33_skin', 0.25, 2)",,,,,,,
"('33_skin', 0.25, 3)",,,,,,,
"('33_skin', 0.5, 1)",,,,,,,
"('33_skin', 0.5, 2)",,,,,,,
"('33_skin', 0.5, 3)",,,,,,,
"('33_skin', 0.75, 1)",,,,,,,
"('33_skin', 0.75, 2)",,,,,,,
"('33_skin', 0.75, 3)",,,,,,,
"('33_skin', 1.0, 1)",,,,,,,
"('33_skin', 1.0, 2)",,,,,,,
"('33_skin', 1.0, 3)",,,,,,,
"('34_smtp', 0.0, 1)",,,,,,,
"('34_smtp', 0.0, 2)",,,,,,,
"('34_smtp', 0.0, 3)",,,,,,,
"('34_smtp', 0.01, 1)",,,,,,,
"('34_smtp', 0.01, 2)",,,,,,,
"('34_smtp', 0.01, 3)",,,,,,,
"('34_smtp', 0.05, 1)",,,,,,,
"('34_smtp', 0.05, 2)",,,,,,,
"('34_smtp', 0.05, 3)",,,,,,,
"('34_smtp', 0.1, 1)",,,,,,,
"('34_smtp', 0.1, 2)",,,,,,,
"('34_smtp', 0.1, 3)",,,,,,,
"('34_smtp', 0.25, 1)",,,,,,,
"('34_smtp', 0.25, 2)",,,,,,,
"('34_smtp', 0.25, 3)",,,,,,,
"('34_smtp', 0.5, 1)",,,,,,,
"('34_smtp', 0.5, 2)",,,,,,,
"('34_smtp', 0.5, 3)",,,,,,,
"('34_smtp', 0.75, 1)",,,,,,,
"('34_smtp', 0.75, 2)",,,,,,,
"('34_smtp', 0.75, 3)",,,,,,,
"('34_smtp', 1.0, 1)",,,,,,,
"('34_smtp', 1.0, 2)",,,,,,,
"('34_smtp', 1.0, 3)",,,,,,,
"('3_backdoor', 0.0, 1)",,,,,,,
"('3_backdoor', 0.0, 2)",,,,,,,
"('3_backdoor', 0.0, 3)",,,,,,,
"('3_backdoor', 0.01, 1)",,,,,,,
"('3_backdoor', 0.01, 2)",,,,,,,
"('3_backdoor', 0.01, 3)",,,,,,,
"('3_backdoor', 0.05, 1)",,,,,,,
"('3_backdoor', 0.05, 2)",,,,,,,
"('3_backdoor', 0.05, 3)",,,,,,,
"('3_backdoor', 0.1, 1)",,,,,,,
"('3_backdoor', 0.1, 2)",,,,,,,
"('3_backdoor', 0.1, 3)",,,,,,,
"('3_backdoor', 0.25, 1)",,,,,,,
"('3_backdoor', 0.25, 2)",,,,,,,
"('3_backdoor', 0.25, 3)",,,,,,,
"('3_backdoor', 0.5, 1)",,,,,,,
"('3_backdoor', 0.5, 2)",,,,,,,
"('3_backdoor', 0.5, 3)",,,,,,,
"('3_backdoor', 0.75, 1)",,,,,,,
"('3_backdoor', 0.75, 2)",,,,,,,
"('3_backdoor', 0.75, 3)",,,,,,,
"('3_backdoor', 1.0, 1)",,,,,,,
"('3_backdoor', 1.0, 2)",,,,,,,
"('3_backdoor', 1.0, 3)",,,,,,,
"('5_campaign', 0.0, 1)",,,,,,,
"('5_campaign', 0.0, 2)",,,,,,,
"('5_campaign', 0.0, 3)",,,,,,,
"('5_campaign', 0.01, 1)",,,,,,,
"('5_campaign', 0.01, 2)",,,,,,,
"('5_campaign', 0.01, 3)",,,,,,,
"('5_campaign', 0.05, 1)",,,,,,,
"('5_campaign', 0.05, 2)",,,,,,,
"('5_campaign', 0.05, 3)",,,,,,,
"('5_campaign', 0.1, 1)",,,,,,,
"('5_campaign', 0.1, 2)",,,,,,,
"('5_campaign', 0.1, 3)",,,,,,,
"('5_campaign', 0.25, 1)",,,,,,,
"('5_campaign', 0.25, 2)",,,,,,,
"('5_campaign', 0.25, 3)",,,,,,,
"('5_campaign', 0.5, 1)",,,,,,,
"('5_campaign', 0.5, 2)",,,,,,,
"('5_campaign', 0.5, 3)",,,,,,,
"('5_campaign', 0.75, 1)",,,,,,,
"('5_campaign', 0.75, 2)",,,,,,,
"('5_campaign', 0.75, 3)",,,,,,,
"('5_campaign', 1.0, 1)",,,,,,,
"('5_campaign', 1.0, 2)",,,,,,,
"('5_campaign', 1.0, 3)",,,,,,,
"('8_celeba', 0.0, 1)",,,,,,,
"('8_celeba', 0.0, 2)",,,,,,,
"('8_celeba', 0.0, 3)",,,,,,,
"('8_celeba', 0.01, 1)",,,,,,,
"('8_celeba', 0.01, 2)",,,,,,,
"('8_celeba', 0.01, 3)",,,,,,,
"('8_celeba', 0.05, 1)",,,,,,,
"('8_celeba', 0.05, 2)",,,,,,,
"('8_celeba', 0.05, 3)",,,,,,,
"('8_celeba', 0.1, 1)",,,,,,,
"('8_celeba', 0.1, 2)",,,,,,,
"('8_celeba', 0.1, 3)",,,,,,,
"('8_celeba', 0.25, 1)",,,,,,,
"('8_celeba', 0.25, 2)",,,,,,,
"('8_celeba', 0.25, 3)",,,,,,,
"('8_celeba', 0.5, 1)",,,,,,,
"('8_celeba', 0.5, 2)",,,,,,,
"('8_celeba', 0.5, 3)",,,,,,,
"('8_celeba', 0.75, 1)",,,,,,,
"('8_celeba', 0.75, 2)",,,,,,,
"('8_celeba', 0.75, 3)",,,,,,,
"('8_celeba', 1.0, 1)",,,,,,,
"('8_celeba', 1.0, 2)",,,,,,,
"('8_celeba', 1.0, 3)",,,,,,,
"('9_census', 0.0, 1)",,,,,,,
"('9_census', 0.0, 2)",,,,,,,
"('9_census', 0.0, 3)",,,,,,,
"('9_census', 0.01, 1)",,,,,,,
"('9_census', 0.01, 2)",,,,,,,
"('9_census', 0.01, 3)",,,,,,,
"('9_census', 0.05, 1)",,,,,,,
"('9_census', 0.05, 2)",,,,,,,
"('9_census', 0.05, 3)",,,,,,,
"('9_census', 0.1, 1)",,,,,,,
"('9_census', 0.1, 2)",,,,,,,
"('9_census', 0.1, 3)",,,,,,,
"('9_census', 0.25, 1)",,,,,,,
"('9_census', 0.25, 2)",,,,,,,
"('9_census', 0.25, 3)",,,,,,,
"('9_census', 0.5, 1)",,,,,,,
"('9_census', 0.5, 2)",,,,,,,
"('9_census', 0.5, 3)",,,,,,,
"('9_census', 0.75, 1)",,,,,,,
"('9_census', 0.75, 2)",,,,,,,
"('9_census', 0.75, 3)",,,,,,,
"('9_census', 1.0, 1)",,,,,,,
"('9_census', 1.0, 2)",,,,,,,
"('9_census', 1.0, 3)",,,,,,,
"('MNIST-C_zigzag', 0.0, 1)",,,,,,,
"('MNIST-C_zigzag', 0.0, 2)",,,,,,,
"('MNIST-C_zigzag', 0.0, 3)",,,,,,,
"('MNIST-C_zigzag', 0.01, 1)",,,,,,,
"('MNIST-C_zigzag', 0.01, 2)",,,,,,,
"('MNIST-C_zigzag', 0.01, 3)",,,,,,,
"('MNIST-C_zigzag', 0.05, 1)",,,,,,,
"('MNIST-C_zigzag', 0.05, 2)",,,,,,,
"('MNIST-C_zigzag', 0.05, 3)",,,,,,,
"('MNIST-C_zigzag', 0.1, 1)",,,,,,,
"('MNIST-C_zigzag', 0.1, 2)",,,,,,,
"('MNIST-C_zigzag', 0.1, 3)",,,,,,,
"('MNIST-C_zigzag', 0.25, 1)",,,,,,,
"('MNIST-C_zigzag', 0.25, 2)",,,,,,,
"('MNIST-C_zigzag', 0.25, 3)",,,,,,,
"('MNIST-C_zigzag', 0.5, 1)",,,,,,,
"('MNIST-C_zigzag', 0.5, 2)",,,,,,,
"('MNIST-C_zigzag', 0.5, 3)",,,,,,,
"('MNIST-C_zigzag', 0.75, 1)",,,,,,,
"('MNIST-C_zigzag', 0.75, 2)",,,,,,,
"('MNIST-C_zigzag', 0.75, 3)",,,,,,,
"('MNIST-C_zigzag', 1.0, 1)",,,,,,,
"('MNIST-C_zigzag', 1.0, 2)",,,,,,,
"('MNIST-C_zigzag', 1.0, 3)",,,,,,,
"('imdb', 0.0, 1)",,,,,,,
"('imdb', 0.0, 2)",,,,,,,
"('imdb', 0.0, 3)",,,,,,,
"('imdb', 0.01, 1)",,,,,,,
"('imdb', 0.01, 2)",,,,,,,
"('imdb', 0.01, 3)",,,,,,,
"('imdb', 0.05, 1)",,,,,,,
"('imdb', 0.05, 2)",,,,,,,
"('imdb', 0.05, 3)",,,,,,,
"('imdb', 0.1, 1)",,,,,,,
"('imdb', 0.1, 2)",,,,,,,
"('imdb', 0.1, 3)",,,,,,,
"('imdb', 0.25, 1)",,,,,,,
"('imdb', 0.25, 2)",,,,,,,
"('imdb', 0.25, 3)",,,,,,,
"('imdb', 0.5, 1)",,,,,,,
"('imdb', 0.5, 2)",,,,,,,
"('imdb', 0.5, 3)",,,,,,,
"('imdb', 0.75, 1)",,,,,,,
"('imdb', 0.75, 2)",,,,,,,
"('imdb', 0.75, 3)",,,,,,,
"('imdb', 1.0, 1)",,,,,,,
"('imdb', 1.0, 2)",,,,,,,
"('imdb', 1.0, 3)",,,,,,,
"('MNIST-C_canny_edges', 0.0, 1)",,,,,,,
"('MNIST-C_canny_edges', 0.0, 2)",,,,,,,
"('MNIST-C_canny_edges', 0.0, 3)",,,,,,,
"('MNIST-C_canny_edges', 0.01, 1)",,,,,,,
"('MNIST-C_canny_edges', 0.01, 2)",,,,,,,
"('MNIST-C_canny_edges', 0.01, 3)",,,,,,,
"('MNIST-C_canny_edges', 0.05, 1)",,,,,,,
"('MNIST-C_canny_edges', 0.05, 2)",,,,,,,
"('MNIST-C_canny_edges', 0.05, 3)",,,,,,,
"('MNIST-C_canny_edges', 0.1, 1)",,,,,,,
"('MNIST-C_canny_edges', 0.1, 2)",,,,,,,
"('MNIST-C_canny_edges', 0.1, 3)",,,,,,,
"('MNIST-C_canny_edges', 0.25, 1)",,,,,,,
"('MNIST-C_canny_edges', 0.25, 2)",,,,,,,
"('MNIST-C_canny_edges', 0.25, 3)",,,,,,,
"('MNIST-C_canny_edges', 0.5, 1)",,,,,,,
"('MNIST-C_canny_edges', 0.5, 2)",,,,,,,
"('MNIST-C_canny_edges', 0.5, 3)",,,,,,,
"('MNIST-C_canny_edges', 0.75, 1)",,,,,,,
"('MNIST-C_canny_edges', 0.75, 2)",,,,,,,
"('MNIST-C_canny_edges', 0.75, 3)",,,,,,,
"('MNIST-C_canny_edges', 1.0, 1)",,,,,,,
"('MNIST-C_canny_edges', 1.0, 2)",,,,,,,
"('MNIST-C_canny_edges', 1.0, 3)",,,,,,,
"('MNIST-C_dotted_line', 0.0, 1)",,,,,,,
"('MNIST-C_dotted_line', 0.0, 2)",,,,,,,
"('MNIST-C_dotted_line', 0.0, 3)",,,,,,,
"('MNIST-C_dotted_line', 0.01, 1)",,,,,,,
"('MNIST-C_dotted_line', 0.01, 2)",,,,,,,
"('MNIST-C_dotted_line', 0.01, 3)",,,,,,,
"('MNIST-C_dotted_line', 0.05, 1)",,,,,,,
"('MNIST-C_dotted_line', 0.05, 2)",,,,,,,
"('MNIST-C_dotted_line', 0.05, 3)",,,,,,,
"('MNIST-C_dotted_line', 0.1, 1)",,,,,,,
"('MNIST-C_dotted_line', 0.1, 2)",,,,,,,
"('MNIST-C_dotted_line', 0.1, 3)",,,,,,,
"('MNIST-C_dotted_line', 0.25, 1)",,,,,,,
"('MNIST-C_dotted_line', 0.25, 2)",,,,,,,
"('MNIST-C_dotted_line', 0.25, 3)",,,,,,,
"('MNIST-C_dotted_line', 0.5, 1)",,,,,,,
"('MNIST-C_dotted_line', 0.5, 2)",,,,,,,
"('MNIST-C_dotted_line', 0.5, 3)",,,,,,,
"('MNIST-C_dotted_line', 0.75, 1)",,,,,,,
"('MNIST-C_dotted_line', 0.75, 2)",,,,,,,
"('MNIST-C_dotted_line', 0.75, 3)",,,,,,,
"('MNIST-C_dotted_line', 1.0, 1)",,,,,,,
"('MNIST-C_dotted_line', 1.0, 2)",,,,,,,
"('MNIST-C_dotted_line', 1.0, 3)",,,,,,,
"('MNIST-C_fog', 0.0, 1)",,,,,,,
"('MNIST-C_fog', 0.0, 2)",,,,,,,
"('MNIST-C_fog', 0.0, 3)",,,,,,,
"('MNIST-C_fog', 0.01, 1)",,,,,,,
"('MNIST-C_fog', 0.01, 2)",,,,,,,
"('MNIST-C_fog', 0.01, 3)",,,,,,,
"('MNIST-C_fog', 0.05, 1)",,,,,,,
"('MNIST-C_fog', 0.05, 2)",,,,,,,
"('MNIST-C_fog', 0.05, 3)",,,,,,,
"('MNIST-C_fog', 0.1, 1)",,,,,,,
"('MNIST-C_fog', 0.1, 2)",,,,,,,
"('MNIST-C_fog', 0.1, 3)",,,,,,,
"('MNIST-C_fog', 0.25, 1)",,,,,,,
"('MNIST-C_fog', 0.25, 2)",,,,,,,
"('MNIST-C_fog', 0.25, 3)",,,,,,,
"('MNIST-C_fog', 0.5, 1)",,,,,,,
"('MNIST-C_fog', 0.5, 2)",,,,,,,
"('MNIST-C_fog', 0.5, 3)",,,,,,,
"('MNIST-C_fog', 0.75, 1)",,,,,,,
"('MNIST-C_fog', 0.75, 2)",,,,,,,
"('MNIST-C_fog', 0.75, 3)",,,,,,,
"('MNIST-C_fog', 1.0, 1)",,,,,,,
"('MNIST-C_fog', 1.0, 2)",,,,,,,
"('MNIST-C_fog', 1.0, 3)",,,,,,,
"('MNIST-C_glass_blur', 0.0, 1)",,,,,,,
"('MNIST-C_glass_blur', 0.0, 2)",,,,,,,
"('MNIST-C_glass_blur', 0.0, 3)",,,,,,,
"('MNIST-C_glass_blur', 0.01, 1)",,,,,,,
"('MNIST-C_glass_blur', 0.01, 2)",,,,,,,
"('MNIST-C_glass_blur', 0.01, 3)",,,,,,,
"('MNIST-C_glass_blur', 0.05, 1)",,,,,,,
"('MNIST-C_glass_blur', 0.05, 2)",,,,,,,
"('MNIST-C_glass_blur', 0.05, 3)",,,,,,,
"('MNIST-C_glass_blur', 0.1, 1)",,,,,,,
"('MNIST-C_glass_blur', 0.1, 2)",,,,,,,
"('MNIST-C_glass_blur', 0.1, 3)",,,,,,,
"('MNIST-C_glass_blur', 0.25, 1)",,,,,,,
"('MNIST-C_glass_blur', 0.25, 2)",,,,,,,
"('MNIST-C_glass_blur', 0.25, 3)",,,,,,,
"('MNIST-C_glass_blur', 0.5, 1)",,,,,,,
"('MNIST-C_glass_blur', 0.5, 2)",,,,,,,
"('MNIST-C_glass_blur', 0.5, 3)",,,,,,,
"('MNIST-C_glass_blur', 0.75, 1)",,,,,,,
"('MNIST-C_glass_blur', 0.75, 2)",,,,,,,
"('MNIST-C_glass_blur', 0.75, 3)",,,,,,,
"('MNIST-C_glass_blur', 1.0, 1)",,,,,,,
"('MNIST-C_glass_blur', 1.0, 2)",,,,,,,
"('MNIST-C_glass_blur', 1.0, 3)",,,,,,,
"('MNIST-C_identity', 0.0, 1)",,,,,,,
"('MNIST-C_identity', 0.0, 2)",,,,,,,
"('MNIST-C_identity', 0.0, 3)",,,,,,,
"('MNIST-C_identity', 0.01, 1)",,,,,,,
"('MNIST-C_identity', 0.01, 2)",,,,,,,
"('MNIST-C_identity', 0.01, 3)",,,,,,,
"('MNIST-C_identity', 0.05, 1)",,,,,,,
"('MNIST-C_identity', 0.05, 2)",,,,,,,
"('MNIST-C_identity', 0.05, 3)",,,,,,,
"('MNIST-C_identity', 0.1, 1)",,,,,,,
"('MNIST-C_identity', 0.1, 2)",,,,,,,
"('MNIST-C_identity', 0.1, 3)",,,,,,,
"('MNIST-C_identity', 0.25, 1)",,,,,,,
"('MNIST-C_identity', 0.25, 2)",,,,,,,
"('MNIST-C_identity', 0.25, 3)",,,,,,,
"('MNIST-C_identity', 0.5, 1)",,,,,,,
"('MNIST-C_identity', 0.5, 2)",,,,,,,
"('MNIST-C_identity', 0.5, 3)",,,,,,,
"('MNIST-C_identity', 0.75, 1)",,,,,,,
"('MNIST-C_identity', 0.75, 2)",,,,,,,
"('MNIST-C_identity', 0.75, 3)",,,,,,,
"('MNIST-C_identity', 1.0, 1)",,,,,,,
"('MNIST-C_identity', 1.0, 2)",,,,,,,
"('MNIST-C_identity', 1.0, 3)",,,,,,,
"('MNIST-C_impulse_noise', 0.0, 1)",,,,,,,
"('MNIST-C_impulse_noise', 0.0, 2)",,,,,,,
"('MNIST-C_impulse_noise', 0.0, 3)",,,,,,,
"('MNIST-C_impulse_noise', 0.01, 1)",,,,,,,
"('MNIST-C_impulse_noise', 0.01, 2)",,,,,,,
"('MNIST-C_impulse_noise', 0.01, 3)",,,,,,,
"('MNIST-C_impulse_noise', 0.05, 1)",,,,,,,
"('MNIST-C_impulse_noise', 0.05, 2)",,,,,,,
"('MNIST-C_impulse_noise', 0.05, 3)",,,,,,,
"('MNIST-C_impulse_noise', 0.1, 1)",,,,,,,
"('MNIST-C_impulse_noise', 0.1, 2)",,,,,,,
"('MNIST-C_impulse_noise', 0.1, 3)",,,,,,,
"('MNIST-C_impulse_noise', 0.25, 1)",,,,,,,
"('MNIST-C_impulse_noise', 0.25, 2)",,,,,,,
"('MNIST-C_impulse_noise', 0.25, 3)",,,,,,,
"('MNIST-C_impulse_noise', 0.5, 1)",,,,,,,
"('MNIST-C_impulse_noise', 0.5, 2)",,,,,,,
"('MNIST-C_impulse_noise', 0.5, 3)",,,,,,,
"('MNIST-C_impulse_noise', 0.75, 1)",,,,,,,
"('MNIST-C_impulse_noise', 0.75, 2)",,,,,,,
"('MNIST-C_impulse_noise', 0.75, 3)",,,,,,,
"('MNIST-C_impulse_noise', 1.0, 1)",,,,,,,
"('MNIST-C_impulse_noise', 1.0, 2)",,,,,,,
"('MNIST-C_impulse_noise', 1.0, 3)",,,,,,,
"('MNIST-C_motion_blur', 0.0, 1)",,,,,,,
"('MNIST-C_motion_blur', 0.0, 2)",,,,,,,
"('MNIST-C_motion_blur', 0.0, 3)",,,,,,,
"('MNIST-C_motion_blur', 0.01, 1)",,,,,,,
"('MNIST-C_motion_blur', 0.01, 2)",,,,,,,
"('MNIST-C_motion_blur', 0.01, 3)",,,,,,,
"('MNIST-C_motion_blur', 0.05, 1)",,,,,,,
"('MNIST-C_motion_blur', 0.05, 2)",,,,,,,
"('MNIST-C_motion_blur', 0.05, 3)",,,,,,,
"('MNIST-C_motion_blur', 0.1, 1)",,,,,,,
"('MNIST-C_motion_blur', 0.1, 2)",,,,,,,
"('MNIST-C_motion_blur', 0.1, 3)",,,,,,,
"('MNIST-C_motion_blur', 0.25, 1)",,,,,,,
"('MNIST-C_motion_blur', 0.25, 2)",,,,,,,
"('MNIST-C_motion_blur', 0.25, 3)",,,,,,,
"('MNIST-C_motion_blur', 0.5, 1)",,,,,,,
"('MNIST-C_motion_blur', 0.5, 2)",,,,,,,
"('MNIST-C_motion_blur', 0.5, 3)",,,,,,,
"('MNIST-C_motion_blur', 0.75, 1)",,,,,,,
"('MNIST-C_motion_blur', 0.75, 2)",,,,,,,
"('MNIST-C_motion_blur', 0.75, 3)",,,,,,,
"('MNIST-C_motion_blur', 1.0, 1)",,,,,,,
"('MNIST-C_motion_blur', 1.0, 2)",,,,,,,
"('MNIST-C_motion_blur', 1.0, 3)",,,,,,,
"('MNIST-C_rotate', 0.0, 1)",,,,,,,
"('MNIST-C_rotate', 0.0, 2)",,,,,,,
"('MNIST-C_rotate', 0.0, 3)",,,,,,,
"('MNIST-C_rotate', 0.01, 1)",,,,,,,
"('MNIST-C_rotate', 0.01, 2)",,,,,,,
"('MNIST-C_rotate', 0.01, 3)",,,,,,,
"('MNIST-C_rotate', 0.05, 1)",,,,,,,
"('MNIST-C_rotate', 0.05, 2)",,,,,,,
"('MNIST-C_rotate', 0.05, 3)",,,,,,,
"('MNIST-C_rotate', 0.1, 1)",,,,,,,
"('MNIST-C_rotate', 0.1, 2)",,,,,,,
"('MNIST-C_rotate', 0.1, 3)",,,,,,,
"('MNIST-C_rotate', 0.25, 1)",,,,,,,
"('MNIST-C_rotate', 0.25, 2)",,,,,,,
"('MNIST-C_rotate', 0.25, 3)",,,,,,,
"('MNIST-C_rotate', 0.5, 1)",,,,,,,
"('MNIST-C_rotate', 0.5, 2)",,,,,,,
"('MNIST-C_rotate', 0.5, 3)",,,,,,,
"('MNIST-C_rotate', 0.75, 1)",,,,,,,
"('MNIST-C_rotate', 0.75, 2)",,,,,,,
"('MNIST-C_rotate', 0.75, 3)",,,,,,,
"('MNIST-C_rotate', 1.0, 1)",,,,,,,
"('MNIST-C_rotate', 1.0, 2)",,,,,,,
"('MNIST-C_rotate', 1.0, 3)",,,,,,,
"('MNIST-C_scale', 0.0, 1)",,,,,,,
"('MNIST-C_scale', 0.0, 2)",,,,,,,
"('MNIST-C_scale', 0.0, 3)",,,,,,,
"('MNIST-C_scale', 0.01, 1)",,,,,,,
"('MNIST-C_scale', 0.01, 2)",,,,,,,
"('MNIST-C_scale', 0.01, 3)",,,,,,,
"('MNIST-C_scale', 0.05, 1)",,,,,,,
"('MNIST-C_scale', 0.05, 2)",,,,,,,
"('MNIST-C_scale', 0.05, 3)",,,,,,,
"('MNIST-C_scale', 0.1, 1)",,,,,,,
"('MNIST-C_scale', 0.1, 2)",,,,,,,
"('MNIST-C_scale', 0.1, 3)",,,,,,,
"('MNIST-C_scale', 0.25, 1)",,,,,,,
"('MNIST-C_scale', 0.25, 2)",,,,,,,
"('MNIST-C_scale', 0.25, 3)",,,,,,,
"('MNIST-C_scale', 0.5, 1)",,,,,,,
"('MNIST-C_scale', 0.5, 2)",,,,,,,
"('MNIST-C_scale', 0.5, 3)",,,,,,,
"('MNIST-C_scale', 0.75, 1)",,,,,,,
"('MNIST-C_scale', 0.75, 2)",,,,,,,
"('MNIST-C_scale', 0.75, 3)",,,,,,,
"('MNIST-C_scale', 1.0, 1)",,,,,,,
"('MNIST-C_scale', 1.0, 2)",,,,,,,
"('MNIST-C_scale', 1.0, 3)",,,,,,,
"('MNIST-C_shear', 0.0, 1)",,,,,,,
"('MNIST-C_shear', 0.0, 2)",,,,,,,
"('MNIST-C_shear', 0.0, 3)",,,,,,,
"('MNIST-C_shear', 0.01, 1)",,,,,,,
"('MNIST-C_shear', 0.01, 2)",,,,,,,
"('MNIST-C_shear', 0.01, 3)",,,,,,,
"('MNIST-C_shear', 0.05, 1)",,,,,,,
"('MNIST-C_shear', 0.05, 2)",,,,,,,
"('MNIST-C_shear', 0.05, 3)",,,,,,,
"('MNIST-C_shear', 0.1, 1)",,,,,,,
"('MNIST-C_shear', 0.1, 2)",,,,,,,
"('MNIST-C_shear', 0.1, 3)",,,,,,,
"('MNIST-C_shear', 0.25, 1)",,,,,,,
"('MNIST-C_shear', 0.25, 2)",,,,,,,
"('MNIST-C_shear', 0.25, 3)",,,,,,,
"('MNIST-C_shear', 0.5, 1)",,,,,,,
"('MNIST-C_shear', 0.5, 2)",,,,,,,
"('MNIST-C_shear', 0.5, 3)",,,,,,,
"('MNIST-C_shear', 0.75, 1)",,,,,,,
"('MNIST-C_shear', 0.75, 2)",,,,,,,
"('MNIST-C_shear', 0.75, 3)",,,,,,,
"('MNIST-C_shear', 1.0, 1)",,,,,,,
"('MNIST-C_shear', 1.0, 2)",,,,,,,
"('MNIST-C_shear', 1.0, 3)",,,,,,,
"('MNIST-C_shot_noise', 0.0, 1)",,,,,,,
"('MNIST-C_shot_noise', 0.0, 2)",,,,,,,
"('MNIST-C_shot_noise', 0.0, 3)",,,,,,,
"('MNIST-C_shot_noise', 0.01, 1)",,,,,,,
"('MNIST-C_shot_noise', 0.01, 2)",,,,,,,
"('MNIST-C_shot_noise', 0.01, 3)",,,,,,,
"('MNIST-C_shot_noise', 0.05, 1)",,,,,,,
"('MNIST-C_shot_noise', 0.05, 2)",,,,,,,
"('MNIST-C_shot_noise', 0.05, 3)",,,,,,,
"('MNIST-C_shot_noise', 0.1, 1)",,,,,,,
"('MNIST-C_shot_noise', 0.1, 2)",,,,,,,
"('MNIST-C_shot_noise', 0.1, 3)",,,,,,,
"('MNIST-C_shot_noise', 0.25, 1)",,,,,,,
"('MNIST-C_shot_noise', 0.25, 2)",,,,,,,
"('MNIST-C_shot_noise', 0.25, 3)",,,,,,,
"('MNIST-C_shot_noise', 0.5, 1)",,,,,,,
"('MNIST-C_shot_noise', 0.5, 2)",,,,,,,
"('MNIST-C_shot_noise', 0.5, 3)",,,,,,,
"('MNIST-C_shot_noise', 0.75, 1)",,,,,,,
"('MNIST-C_shot_noise', 0.75, 2)",,,,,,,
"('MNIST-C_shot_noise', 0.75, 3)",,,,,,,
"('MNIST-C_shot_noise', 1.0, 1)",,,,,,,
"('MNIST-C_shot_noise', 1.0, 2)",,,,,,,
"('MNIST-C_shot_noise', 1.0, 3)",,,,,,,
"('MNIST-C_spatter', 0.0, 1)",,,,,,,
"('MNIST-C_spatter', 0.0, 2)",,,,,,,
"('MNIST-C_spatter', 0.0, 3)",,,,,,,
"('MNIST-C_spatter', 0.01, 1)",,,,,,,
"('MNIST-C_spatter', 0.01, 2)",,,,,,,
"('MNIST-C_spatter', 0.01, 3)",,,,,,,
"('MNIST-C_spatter', 0.05, 1)",,,,,,,
"('MNIST-C_spatter', 0.05, 2)",,,,,,,
"('MNIST-C_spatter', 0.05, 3)",,,,,,,
"('MNIST-C_spatter', 0.1, 1)",,,,,,,
"('MNIST-C_spatter', 0.1, 2)",,,,,,,
"('MNIST-C_spatter', 0.1, 3)",,,,,,,
"('MNIST-C_spatter', 0.25, 1)",,,,,,,
"('MNIST-C_spatter', 0.25, 2)",,,,,,,
"('MNIST-C_spatter', 0.25, 3)",,,,,,,
"('MNIST-C_spatter', 0.5, 1)",,,,,,,
"('MNIST-C_spatter', 0.5, 2)",,,,,,,
"('MNIST-C_spatter', 0.5, 3)",,,,,,,
"('MNIST-C_spatter', 0.75, 1)",,,,,,,
"('MNIST-C_spatter', 0.75, 2)",,,,,,,
"('MNIST-C_spatter', 0.75, 3)",,,,,,,
"('MNIST-C_spatter', 1.0, 1)",,,,,,,
"('MNIST-C_spatter', 1.0, 2)",,,,,,,
"('MNIST-C_spatter', 1.0, 3)",,,,,,,
"('MNIST-C_stripe', 0.0, 1)",,,,,,,
"('MNIST-C_stripe', 0.0, 2)",,,,,,,
"('MNIST-C_stripe', 0.0, 3)",,,,,,,
"('MNIST-C_stripe', 0.01, 1)",,,,,,,
"('MNIST-C_stripe', 0.01, 2)",,,,,,,
"('MNIST-C_stripe', 0.01, 3)",,,,,,,
"('MNIST-C_stripe', 0.05, 1)",,,,,,,
"('MNIST-C_stripe', 0.05, 2)",,,,,,,
"('MNIST-C_stripe', 0.05, 3)",,,,,,,
"('MNIST-C_stripe', 0.1, 1)",,,,,,,
"('MNIST-C_stripe', 0.1, 2)",,,,,,,
"('MNIST-C_stripe', 0.1, 3)",,,,,,,
"('MNIST-C_stripe', 0.25, 1)",,,,,,,
"('MNIST-C_stripe', 0.25, 2)",,,,,,,
"('MNIST-C_stripe', 0.25, 3)",,,,,,,
"('MNIST-C_stripe', 0.5, 1)",,,,,,,
"('MNIST-C_stripe', 0.5, 2)",,,,,,,
"('MNIST-C_stripe', 0.5, 3)",,,,,,,
"('MNIST-C_stripe', 0.75, 1)",,,,,,,
"('MNIST-C_stripe', 0.75, 2)",,,,,,,
"('MNIST-C_stripe', 0.75, 3)",,,,,,,
"('MNIST-C_stripe', 1.0, 1)",,,,,,,
"('MNIST-C_stripe', 1.0, 2)",,,,,,,
"('MNIST-C_stripe', 1.0, 3)",,,,,,,
"('MNIST-C_brightness', 0.0, 1)",,,,,,,
"('MNIST-C_brightness', 0.0, 2)",,,,,,,
"('MNIST-C_brightness', 0.0, 3)",,,,,,,
"('MNIST-C_brightness', 0.01, 1)",,,,,,,
"('MNIST-C_brightness', 0.01, 2)",,,,,,,
"('MNIST-C_brightness', 0.01, 3)",,,,,,,
"('MNIST-C_brightness', 0.05, 1)",,,,,,,
"('MNIST-C_brightness', 0.05, 2)",,,,,,,
"('MNIST-C_brightness', 0.05, 3)",,,,,,,
"('MNIST-C_brightness', 0.1, 1)",,,,,,,
"('MNIST-C_brightness', 0.1, 2)",,,,,,,
"('MNIST-C_brightness', 0.1, 3)",,,,,,,
"('MNIST-C_brightness', 0.25, 1)",,,,,,,
"('MNIST-C_brightness', 0.25, 2)",,,,,,,
"('MNIST-C_brightness', 0.25, 3)",,,,,,,
"('MNIST-C_brightness', 0.5, 1)",,,,,,,
"('MNIST-C_brightness', 0.5, 2)",,,,,,,
"('MNIST-C_brightness', 0.5, 3)",,,,,,,
"('MNIST-C_brightness', 0.75, 1)",,,,,,,
"('MNIST-C_brightness', 0.75, 2)",,,,,,,
"('MNIST-C_brightness', 0.75, 3)",,,,,,,
"('MNIST-C_brightness', 1.0, 1)",,,,,,,
"('MNIST-C_brightness', 1.0, 2)",,,,,,,
"('MNIST-C_brightness', 1.0, 3)",,,,,,,
"('yelp', 0.0, 1)",,,,,,,
"('yelp', 0.0, 2)",,,,,,,
"('yelp', 0.0, 3)",,,,,,,
"('yelp', 0.01, 1)",,,,,,,
"('yelp', 0.01, 2)",,,,,,,
"('yelp', 0.01, 3)",,,,,,,
"('yelp', 0.05, 1)",,,,,,,
"('yelp', 0.05, 2)",,,,,,,
"('yelp', 0.05, 3)",,,,,,,
"('yelp', 0.1, 1)",,,,,,,
"('yelp', 0.1, 2)",,,,,,,
"('yelp', 0.1, 3)",,,,,,,
"('yelp', 0.25, 1)",,,,,,,
"('yelp', 0.25, 2)",,,,,,,
"('yelp', 0.25, 3)",,,,,,,
"('yelp', 0.5, 1)",,,,,,,
"('yelp', 0.5, 2)",,,,,,,
"('yelp', 0.5, 3)",,,,,,,
"('yelp', 0.75, 1)",,,,,,,
"('yelp', 0.75, 2)",,,,,,,
"('yelp', 0.75, 3)",,,,,,,
"('yelp', 1.0, 1)",,,,,,,
"('yelp', 1.0, 2)",,,,,,,
"('yelp', 1.0, 3)",,,,,,,
